appID,appName,appStartTime,cloudDatacenterName,cloudDcId,dataRate,edgeDatacenterName,edgeDcId,endTime,"ioTDeviceBatteryConsumption",ioTDeviceBatteryStatus,ioTDeviceId,ioTDeviceName,ioTDeviceOutputSize,isIoTDeviceDied,melId,melname,meloutputSize,osmesisCloudletSize,osmesisEdgeletSize,startDataGenerationTime,stopDataGenerationTime,vmCloudId,vmName,workflowId
1,App_1,10.176,Cloud_1,4,1.0,,0,0.0,1.0100000000000051,No,114,id_0,1,false,-1,@12,70,200,250,10.176,11.176,0,VM_2,1
2,App_2,10.388,Cloud_1,4,1.0,,0,0.0,1.0100000000000051,No,113,id_1,1,false,-1,@12,70,200,250,10.388,11.388,0,VM_3,1
3,App_3,10.388,Cloud_1,4,1.0,,0,0.0,2.0300000000000153,No,114,id_0,1,false,-1,@12,70,200,250,10.388,11.388,0,VM_4,1
4,App_4,10.6,Cloud_1,4,1.0,,0,0.0,2.0300000000000153,No,113,id_1,1,false,-1,@12,70,200,250,10.6,11.6,0,VM_5,1
5,App_5,10.6,Cloud_1,4,1.0,,0,0.0,3.0500000000000256,No,114,id_0,1,false,-1,@12,70,200,250,10.6,11.6,0,VM_6,1
6,App_6,10.812,Cloud_1,4,1.0,,0,0.0,3.0500000000000256,No,113,id_1,1,false,-1,@12,70,200,250,10.812,11.812,0,VM_7,1
7,App_7,10.812,Cloud_1,4,1.0,,0,0.0,4.070000000000036,No,114,id_0,1,false,-1,@12,70,200,250,10.812,11.812,0,VM_8,1
8,App_8,11.024,Cloud_1,4,1.0,,0,0.0,4.070000000000036,No,113,id_1,1,false,-1,@12,70,200,250,11.024,12.024,0,VM_9,1
9,App_9,11.024,Cloud_1,4,1.0,,0,0.0,5.090000000000046,No,114,id_0,1,false,-1,@12,70,200,250,11.024,12.024,0,VM_10,1
10,App_10,34.556,Cloud_1,4,1.0,,0,0.0,1.0100000000000051,No,109,id_5,1,false,-1,@9,70,200,250,34.556,35.556,0,VM_1,1
11,App_11,34.556,Cloud_1,4,1.0,,0,0.0,1.0100000000000051,No,110,id_4,1,false,-1,@9,70,200,250,34.556,35.556,0,VM_2,1
12,App_12,34.556,Cloud_1,4,1.0,,0,0.0,1.0100000000000051,No,111,id_7,1,false,-1,@9,70,200,250,34.556,35.556,0,VM_3,1
13,App_13,34.556,Cloud_1,4,1.0,,0,0.0,1.0100000000000051,No,112,id_6,1,false,-1,@9,70,200,250,34.556,35.556,0,VM_4,1
14,App_14,34.556,Cloud_1,4,1.0,,0,0.0,5.090000000000046,No,113,id_1,1,false,-1,@44,70,200,250,34.556,35.556,0,VM_5,1
15,App_15,34.556,Cloud_1,4,1.0,,0,0.0,6.110000000000056,No,114,id_0,1,false,-1,@34,70,200,250,34.556,35.556,0,VM_6,1
16,App_16,34.556,Cloud_1,4,1.0,,0,0.0,1.0100000000000051,No,115,id_3,1,false,-1,@34,70,200,250,34.556,35.556,0,VM_7,1
17,App_17,34.556,Cloud_1,4,1.0,,0,0.0,1.0100000000000051,No,116,id_2,1,false,-1,@44,70,200,250,34.556,35.556,0,VM_8,1
18,App_18,34.768,Cloud_1,4,1.0,,0,0.0,3.0500000000000256,No,109,id_5,1,false,-1,@9,70,200,250,34.768,35.768,0,VM_9,1
19,App_19,34.768,Cloud_1,4,1.0,,0,0.0,3.0500000000000256,No,110,id_4,1,false,-1,@9,70,200,250,34.768,35.768,0,VM_10,1
20,App_20,34.768,Cloud_1,4,1.0,,0,0.0,3.0500000000000256,No,111,id_7,1,false,-1,@9,70,200,250,34.768,35.768,0,VM_1,1
21,App_21,34.768,Cloud_1,4,1.0,,0,0.0,3.0500000000000256,No,112,id_6,1,false,-1,@9,70,200,250,34.768,35.768,0,VM_2,1
22,App_22,34.768,Cloud_1,4,1.0,,0,0.0,7.1300000000000665,No,113,id_1,1,false,-1,@44,70,200,250,34.768,35.768,0,VM_3,1
23,App_23,34.768,Cloud_1,4,1.0,,0,0.0,8.150000000000077,No,114,id_0,1,false,-1,@34,70,200,250,34.768,35.768,0,VM_4,1
24,App_24,34.768,Cloud_1,4,1.0,,0,0.0,3.0500000000000256,No,115,id_3,1,false,-1,@34,70,200,250,34.768,35.768,0,VM_5,1
25,App_25,34.768,Cloud_1,4,1.0,,0,0.0,3.0500000000000256,No,116,id_2,1,false,-1,@44,70,200,250,34.768,35.768,0,VM_6,1
26,App_26,34.98,Cloud_1,4,1.0,,0,0.0,3.0400000000000205,No,109,id_5,1,false,-1,@9,70,200,250,34.98,35.98,0,VM_7,1
27,App_27,34.98,Cloud_1,4,1.0,,0,0.0,3.0400000000000205,No,110,id_4,1,false,-1,@9,70,200,250,34.98,35.98,0,VM_8,1
28,App_28,34.98,Cloud_1,4,1.0,,0,0.0,3.0400000000000205,No,111,id_7,1,false,-1,@9,70,200,250,34.98,35.98,0,VM_9,1
29,App_29,34.98,Cloud_1,4,1.0,,0,0.0,3.0400000000000205,No,112,id_6,1,false,-1,@9,70,200,250,34.98,35.98,0,VM_10,1
30,App_30,34.98,Cloud_1,4,1.0,,0,0.0,7.120000000000061,No,113,id_1,1,false,-1,@44,70,200,250,34.98,35.98,0,VM_1,1
31,App_31,34.98,Cloud_1,4,1.0,,0,0.0,8.140000000000072,No,114,id_0,1,false,-1,@34,70,200,250,34.98,35.98,0,VM_2,1
32,App_32,34.98,Cloud_1,4,1.0,,0,0.0,3.0400000000000205,No,115,id_3,1,false,-1,@34,70,200,250,34.98,35.98,0,VM_3,1
33,App_33,34.98,Cloud_1,4,1.0,,0,0.0,3.0400000000000205,No,116,id_2,1,false,-1,@44,70,200,250,34.98,35.98,0,VM_4,1
34,App_34,35.192,Cloud_1,4,1.0,,0,0.0,4.070000000000036,No,109,id_5,1,false,-1,@9,70,200,250,35.192,36.192,0,VM_5,1
35,App_35,35.192,Cloud_1,4,1.0,,0,0.0,4.070000000000036,No,110,id_4,1,false,-1,@9,70,200,250,35.192,36.192,0,VM_6,1
36,App_36,35.192,Cloud_1,4,1.0,,0,0.0,4.070000000000036,No,111,id_7,1,false,-1,@9,70,200,250,35.192,36.192,0,VM_7,1
37,App_37,35.192,Cloud_1,4,1.0,,0,0.0,4.070000000000036,No,112,id_6,1,false,-1,@9,70,200,250,35.192,36.192,0,VM_8,1
38,App_38,35.192,Cloud_1,4,1.0,,0,0.0,8.150000000000077,No,113,id_1,1,false,-1,@44,70,200,250,35.192,36.192,0,VM_9,1
39,App_39,35.192,Cloud_1,4,1.0,,0,0.0,9.170000000000087,No,114,id_0,1,false,-1,@34,70,200,250,35.192,36.192,0,VM_10,1
40,App_40,35.192,Cloud_1,4,1.0,,0,0.0,4.070000000000036,No,115,id_3,1,false,-1,@34,70,200,250,35.192,36.192,0,VM_1,1
41,App_41,35.192,Cloud_1,4,1.0,,0,0.0,4.070000000000036,No,116,id_2,1,false,-1,@44,70,200,250,35.192,36.192,0,VM_2,1
42,App_42,35.404,Cloud_1,4,1.0,,0,0.0,6.110000000000056,No,109,id_5,1,false,-1,@9,70,200,250,35.404,36.404,0,VM_3,1
43,App_43,35.404,Cloud_1,4,1.0,,0,0.0,6.110000000000056,No,110,id_4,1,false,-1,@9,70,200,250,35.404,36.404,0,VM_4,1
44,App_44,35.404,Cloud_1,4,1.0,,0,0.0,6.110000000000056,No,112,id_6,1,false,-1,@9,70,200,250,35.404,36.404,0,VM_5,1
45,App_45,35.404,Cloud_1,4,1.0,,0,0.0,10.190000000000097,No,113,id_1,1,false,-1,@44,70,200,250,35.404,36.404,0,VM_6,1
46,App_46,35.404,Cloud_1,4,1.0,,0,0.0,11.210000000000107,No,114,id_0,1,false,-1,@34,70,200,250,35.404,36.404,0,VM_7,1
47,App_47,35.404,Cloud_1,4,1.0,,0,0.0,6.110000000000056,No,115,id_3,1,false,-1,@34,70,200,250,35.404,36.404,0,VM_8,1
48,App_48,35.404,Cloud_1,4,1.0,,0,0.0,6.110000000000056,No,116,id_2,1,false,-1,@44,70,200,250,35.404,36.404,0,VM_9,1
49,App_49,35.616,Cloud_1,4,1.0,,0,0.0,6.100000000000051,No,109,id_5,1,false,-1,@9,70,200,250,35.616,36.616,0,VM_10,1
50,App_50,35.616,Cloud_1,4,1.0,,0,0.0,6.100000000000051,No,110,id_4,1,false,-1,@9,70,200,250,35.616,36.616,0,VM_1,1
51,App_51,35.616,Cloud_1,4,1.0,,0,0.0,6.100000000000051,No,112,id_6,1,false,-1,@9,70,200,250,35.616,36.616,0,VM_2,1
52,App_52,35.616,Cloud_1,4,1.0,,0,0.0,10.180000000000092,No,113,id_1,1,false,-1,@44,70,200,250,35.616,36.616,0,VM_3,1
53,App_53,35.616,Cloud_1,4,1.0,,0,0.0,11.200000000000102,No,114,id_0,1,false,-1,@34,70,200,250,35.616,36.616,0,VM_4,1
54,App_54,35.616,Cloud_1,4,1.0,,0,0.0,6.100000000000051,No,115,id_3,1,false,-1,@34,70,200,250,35.616,36.616,0,VM_5,1
55,App_55,35.616,Cloud_1,4,1.0,,0,0.0,6.100000000000051,No,116,id_2,1,false,-1,@44,70,200,250,35.616,36.616,0,VM_6,1
56,App_56,35.828,Cloud_1,4,1.0,,0,0.0,8.150000000000077,No,109,id_5,1,false,-1,@9,70,200,250,35.828,36.828,0,VM_7,1
57,App_57,35.828,Cloud_1,4,1.0,,0,0.0,8.150000000000077,No,110,id_4,1,false,-1,@9,70,200,250,35.828,36.828,0,VM_8,1
58,App_58,35.828,Cloud_1,4,1.0,,0,0.0,8.150000000000077,No,112,id_6,1,false,-1,@9,70,200,250,35.828,36.828,0,VM_9,1
59,App_59,35.828,Cloud_1,4,1.0,,0,0.0,12.230000000000118,No,113,id_1,1,false,-1,@44,70,200,250,35.828,36.828,0,VM_10,1
60,App_60,35.828,Cloud_1,4,1.0,,0,0.0,13.250000000000128,No,114,id_0,1,false,-1,@34,70,200,250,35.828,36.828,0,VM_1,1
61,App_61,35.828,Cloud_1,4,1.0,,0,0.0,8.150000000000077,No,115,id_3,1,false,-1,@34,70,200,250,35.828,36.828,0,VM_2,1
62,App_62,35.828,Cloud_1,4,1.0,,0,0.0,8.150000000000077,No,116,id_2,1,false,-1,@44,70,200,250,35.828,36.828,0,VM_3,1
63,App_63,36.04,Cloud_1,4,1.0,,0,0.0,8.140000000000072,No,109,id_5,1,false,-1,@9,70,200,250,36.04,37.04,0,VM_4,1
64,App_64,36.04,Cloud_1,4,1.0,,0,0.0,8.140000000000072,No,110,id_4,1,false,-1,@9,70,200,250,36.04,37.04,0,VM_5,1
65,App_65,36.04,Cloud_1,4,1.0,,0,0.0,8.140000000000072,No,112,id_6,1,false,-1,@9,70,200,250,36.04,37.04,0,VM_6,1
66,App_66,36.04,Cloud_1,4,1.0,,0,0.0,12.220000000000113,No,113,id_1,1,false,-1,@44,70,200,250,36.04,37.04,0,VM_7,1
67,App_67,36.04,Cloud_1,4,1.0,,0,0.0,13.240000000000123,No,114,id_0,1,false,-1,@34,70,200,250,36.04,37.04,0,VM_8,1
68,App_68,36.04,Cloud_1,4,1.0,,0,0.0,8.140000000000072,No,115,id_3,1,false,-1,@34,70,200,250,36.04,37.04,0,VM_9,1
69,App_69,36.04,Cloud_1,4,1.0,,0,0.0,8.140000000000072,No,116,id_2,1,false,-1,@44,70,200,250,36.04,37.04,0,VM_10,1
70,App_70,36.252,Cloud_1,4,1.0,,0,0.0,10.190000000000097,No,109,id_5,1,false,-1,@9,70,200,250,36.252,37.252,0,VM_1,1
71,App_71,36.252,Cloud_1,4,1.0,,0,0.0,10.190000000000097,No,110,id_4,1,false,-1,@9,70,200,250,36.252,37.252,0,VM_2,1
72,App_72,36.252,Cloud_1,4,1.0,,0,0.0,9.170000000000087,No,112,id_6,1,false,-1,@9,70,200,250,36.252,37.252,0,VM_3,1
73,App_73,36.252,Cloud_1,4,1.0,,0,0.0,14.270000000000138,No,113,id_1,1,false,-1,@44,70,200,250,36.252,37.252,0,VM_4,1
74,App_74,36.252,Cloud_1,4,1.0,,0,0.0,15.290000000000148,No,114,id_0,1,false,-1,@34,70,200,250,36.252,37.252,0,VM_5,1
75,App_75,36.252,Cloud_1,4,1.0,,0,0.0,10.190000000000097,No,115,id_3,1,false,-1,@34,70,200,250,36.252,37.252,0,VM_6,1
76,App_76,36.252,Cloud_1,4,1.0,,0,0.0,10.190000000000097,No,116,id_2,1,false,-1,@44,70,200,250,36.252,37.252,0,VM_7,1
77,App_77,36.464,Cloud_1,4,1.0,,0,0.0,10.180000000000092,No,109,id_5,1,false,-1,@9,70,200,250,36.464,37.464,0,VM_8,1
78,App_78,36.464,Cloud_1,4,1.0,,0,0.0,10.180000000000092,No,110,id_4,1,false,-1,@9,70,200,250,36.464,37.464,0,VM_9,1
79,App_79,36.464,Cloud_1,4,1.0,,0,0.0,14.260000000000133,No,113,id_1,1,false,-1,@44,70,200,250,36.464,37.464,0,VM_10,1
80,App_80,36.464,Cloud_1,4,1.0,,0,0.0,15.280000000000143,No,114,id_0,1,false,-1,@34,70,200,250,36.464,37.464,0,VM_1,1
81,App_81,36.464,Cloud_1,4,1.0,,0,0.0,10.180000000000092,No,115,id_3,1,false,-1,@34,70,200,250,36.464,37.464,0,VM_2,1
82,App_82,36.464,Cloud_1,4,1.0,,0,0.0,10.180000000000092,No,116,id_2,1,false,-1,@44,70,200,250,36.464,37.464,0,VM_3,1
83,App_83,36.676,Cloud_1,4,1.0,,0,0.0,12.230000000000118,No,109,id_5,1,false,-1,@9,70,200,250,36.676,37.676,0,VM_4,1
84,App_84,36.676,Cloud_1,4,1.0,,0,0.0,12.230000000000118,No,110,id_4,1,false,-1,@9,70,200,250,36.676,37.676,0,VM_5,1
85,App_85,36.676,Cloud_1,4,1.0,,0,0.0,16.31000000000016,No,113,id_1,1,false,-1,@44,70,200,250,36.676,37.676,0,VM_6,1
86,App_86,36.676,Cloud_1,4,1.0,,0,0.0,17.33000000000017,No,114,id_0,1,false,-1,@34,70,200,250,36.676,37.676,0,VM_7,1
87,App_87,36.676,Cloud_1,4,1.0,,0,0.0,12.230000000000118,No,115,id_3,1,false,-1,@34,70,200,250,36.676,37.676,0,VM_8,1
88,App_88,36.676,Cloud_1,4,1.0,,0,0.0,12.230000000000118,No,116,id_2,1,false,-1,@44,70,200,250,36.676,37.676,0,VM_9,1
89,App_89,36.888,Cloud_1,4,1.0,,0,0.0,12.220000000000113,No,109,id_5,1,false,-1,@9,70,200,250,36.888,37.888,0,VM_10,1
90,App_90,36.888,Cloud_1,4,1.0,,0,0.0,12.220000000000113,No,110,id_4,1,false,-1,@9,70,200,250,36.888,37.888,0,VM_1,1
91,App_91,36.888,Cloud_1,4,1.0,,0,0.0,10.190000000000097,No,112,id_6,1,false,-1,@34,70,200,250,36.888,37.888,0,VM_2,1
92,App_92,36.888,Cloud_1,4,1.0,,0,0.0,16.300000000000153,No,113,id_1,1,false,-1,@44,70,200,250,36.888,37.888,0,VM_3,1
93,App_93,36.888,Cloud_1,4,1.0,,0,0.0,17.320000000000164,No,114,id_0,1,false,-1,@34,70,200,250,36.888,37.888,0,VM_4,1
94,App_94,36.888,Cloud_1,4,1.0,,0,0.0,12.220000000000113,No,115,id_3,1,false,-1,@34,70,200,250,36.888,37.888,0,VM_5,1
95,App_95,36.888,Cloud_1,4,1.0,,0,0.0,12.220000000000113,No,116,id_2,1,false,-1,@44,70,200,250,36.888,37.888,0,VM_6,1
96,App_96,37.1,Cloud_1,4,1.0,,0,0.0,14.270000000000138,No,109,id_5,1,false,-1,@9,70,200,250,37.1,38.1,0,VM_7,1
97,App_97,37.1,Cloud_1,4,1.0,,0,0.0,14.270000000000138,No,110,id_4,1,false,-1,@9,70,200,250,37.1,38.1,0,VM_8,1
98,App_98,37.1,Cloud_1,4,1.0,,0,0.0,12.230000000000118,No,112,id_6,1,false,-1,@34,70,200,250,37.1,38.1,0,VM_9,1
99,App_99,37.1,Cloud_1,4,1.0,,0,0.0,18.35000000000018,No,113,id_1,1,false,-1,@44,70,200,250,37.1,38.1,0,VM_10,1
100,App_100,37.1,Cloud_1,4,1.0,,0,0.0,19.37000000000019,No,114,id_0,1,false,-1,@34,70,200,250,37.1,38.1,0,VM_1,1
101,App_101,37.1,Cloud_1,4,1.0,,0,0.0,14.270000000000138,No,115,id_3,1,false,-1,@34,70,200,250,37.1,38.1,0,VM_2,1
102,App_102,37.1,Cloud_1,4,1.0,,0,0.0,14.270000000000138,No,116,id_2,1,false,-1,@44,70,200,250,37.1,38.1,0,VM_3,1
103,App_103,37.312,Cloud_1,4,1.0,,0,0.0,14.260000000000133,No,109,id_5,1,false,-1,@9,70,200,250,37.312,38.312,0,VM_4,1
104,App_104,37.312,Cloud_1,4,1.0,,0,0.0,14.260000000000133,No,110,id_4,1,false,-1,@9,70,200,250,37.312,38.312,0,VM_5,1
105,App_105,37.312,Cloud_1,4,1.0,,0,0.0,12.220000000000113,No,112,id_6,1,false,-1,@34,70,200,250,37.312,38.312,0,VM_6,1
106,App_106,37.312,Cloud_1,4,1.0,,0,0.0,18.340000000000174,No,113,id_1,1,false,-1,@44,70,200,250,37.312,38.312,0,VM_7,1
107,App_107,37.312,Cloud_1,4,1.0,,0,0.0,19.360000000000184,No,114,id_0,1,false,-1,@34,70,200,250,37.312,38.312,0,VM_8,1
108,App_108,37.312,Cloud_1,4,1.0,,0,0.0,14.260000000000133,No,115,id_3,1,false,-1,@34,70,200,250,37.312,38.312,0,VM_9,1
109,App_109,37.312,Cloud_1,4,1.0,,0,0.0,14.260000000000133,No,116,id_2,1,false,-1,@44,70,200,250,37.312,38.312,0,VM_10,1
110,App_110,37.524,Cloud_1,4,1.0,,0,0.0,16.31000000000016,No,109,id_5,1,false,-1,@9,70,200,250,37.524,38.524,0,VM_1,1
111,App_111,37.524,Cloud_1,4,1.0,,0,0.0,16.31000000000016,No,110,id_4,1,false,-1,@9,70,200,250,37.524,38.524,0,VM_2,1
112,App_112,37.524,Cloud_1,4,1.0,,0,0.0,14.270000000000138,No,112,id_6,1,false,-1,@9,70,200,250,37.524,38.524,0,VM_3,1
113,App_113,37.524,Cloud_1,4,1.0,,0,0.0,20.3900000000002,No,113,id_1,1,false,-1,@44,70,200,250,37.524,38.524,0,VM_4,1
114,App_114,37.524,Cloud_1,4,1.0,,0,0.0,21.41000000000021,No,114,id_0,1,false,-1,@44,70,200,250,37.524,38.524,0,VM_5,1
115,App_115,37.524,Cloud_1,4,1.0,,0,0.0,16.31000000000016,No,115,id_3,1,false,-1,@9,70,200,250,37.524,38.524,0,VM_6,1
116,App_116,37.524,Cloud_1,4,1.0,,0,0.0,16.31000000000016,No,116,id_2,1,false,-1,@44,70,200,250,37.524,38.524,0,VM_7,1
117,App_117,37.736,Cloud_1,4,1.0,,0,0.0,16.300000000000153,No,109,id_5,1,false,-1,@9,70,200,250,37.736,38.736,0,VM_8,1
118,App_118,37.736,Cloud_1,4,1.0,,0,0.0,16.300000000000153,No,110,id_4,1,false,-1,@9,70,200,250,37.736,38.736,0,VM_9,1
119,App_119,37.736,Cloud_1,4,1.0,,0,0.0,14.260000000000133,No,112,id_6,1,false,-1,@9,70,200,250,37.736,38.736,0,VM_10,1
120,App_120,37.736,Cloud_1,4,1.0,,0,0.0,20.380000000000194,No,113,id_1,1,false,-1,@44,70,200,250,37.736,38.736,0,VM_1,1
121,App_121,37.736,Cloud_1,4,1.0,,0,0.0,21.400000000000205,No,114,id_0,1,false,-1,@44,70,200,250,37.736,38.736,0,VM_2,1
122,App_122,37.736,Cloud_1,4,1.0,,0,0.0,16.300000000000153,No,115,id_3,1,false,-1,@9,70,200,250,37.736,38.736,0,VM_3,1
123,App_123,37.736,Cloud_1,4,1.0,,0,0.0,16.300000000000153,No,116,id_2,1,false,-1,@44,70,200,250,37.736,38.736,0,VM_4,1
124,App_124,37.948,Cloud_1,4,1.0,,0,0.0,18.35000000000018,No,109,id_5,1,false,-1,@9,70,200,250,37.948,38.948,0,VM_5,1
125,App_125,37.948,Cloud_1,4,1.0,,0,0.0,18.35000000000018,No,110,id_4,1,false,-1,@9,70,200,250,37.948,38.948,0,VM_6,1
126,App_126,37.948,Cloud_1,4,1.0,,0,0.0,16.31000000000016,No,112,id_6,1,false,-1,@9,70,200,250,37.948,38.948,0,VM_7,1
127,App_127,37.948,Cloud_1,4,1.0,,0,0.0,22.43000000000022,No,113,id_1,1,false,-1,@44,70,200,250,37.948,38.948,0,VM_8,1
128,App_128,37.948,Cloud_1,4,1.0,,0,0.0,23.45000000000023,No,114,id_0,1,false,-1,@44,70,200,250,37.948,38.948,0,VM_9,1
129,App_129,37.948,Cloud_1,4,1.0,,0,0.0,18.35000000000018,No,115,id_3,1,false,-1,@9,70,200,250,37.948,38.948,0,VM_10,1
130,App_130,37.948,Cloud_1,4,1.0,,0,0.0,18.35000000000018,No,116,id_2,1,false,-1,@44,70,200,250,37.948,38.948,0,VM_1,1
131,App_131,38.16,Cloud_1,4,1.0,,0,0.0,18.340000000000174,No,109,id_5,1,false,-1,@9,70,200,250,38.16,39.16,0,VM_2,1
132,App_132,38.16,Cloud_1,4,1.0,,0,0.0,18.340000000000174,No,110,id_4,1,false,-1,@9,70,200,250,38.16,39.16,0,VM_3,1
133,App_133,38.16,Cloud_1,4,1.0,,0,0.0,16.300000000000153,No,112,id_6,1,false,-1,@9,70,200,250,38.16,39.16,0,VM_4,1
134,App_134,38.16,Cloud_1,4,1.0,,0,0.0,22.420000000000215,No,113,id_1,1,false,-1,@44,70,200,250,38.16,39.16,0,VM_5,1
135,App_135,38.16,Cloud_1,4,1.0,,0,0.0,23.440000000000225,No,114,id_0,1,false,-1,@34,70,200,250,38.16,39.16,0,VM_6,1
136,App_136,38.16,Cloud_1,4,1.0,,0,0.0,18.340000000000174,No,115,id_3,1,false,-1,@34,70,200,250,38.16,39.16,0,VM_7,1
137,App_137,38.16,Cloud_1,4,1.0,,0,0.0,18.340000000000174,No,116,id_2,1,false,-1,@44,70,200,250,38.16,39.16,0,VM_8,1
138,App_138,38.372,Cloud_1,4,1.0,,0,0.0,19.37000000000019,No,109,id_5,1,false,-1,@9,70,200,250,38.372,39.372,0,VM_9,1
139,App_139,38.372,Cloud_1,4,1.0,,0,0.0,19.37000000000019,No,110,id_4,1,false,-1,@9,70,200,250,38.372,39.372,0,VM_10,1
140,App_140,38.372,Cloud_1,4,1.0,,0,0.0,17.33000000000017,No,112,id_6,1,false,-1,@9,70,200,250,38.372,39.372,0,VM_1,1
141,App_141,38.372,Cloud_1,4,1.0,,0,0.0,23.45000000000023,No,113,id_1,1,false,-1,@44,70,200,250,38.372,39.372,0,VM_2,1
142,App_142,38.372,Cloud_1,4,1.0,,0,0.0,24.47000000000024,No,114,id_0,1,false,-1,@44,70,200,250,38.372,39.372,0,VM_3,1
143,App_143,38.372,Cloud_1,4,1.0,,0,0.0,19.37000000000019,No,115,id_3,1,false,-1,@9,70,200,250,38.372,39.372,0,VM_4,1
144,App_144,38.372,Cloud_1,4,1.0,,0,0.0,19.37000000000019,No,116,id_2,1,false,-1,@44,70,200,250,38.372,39.372,0,VM_5,1
145,App_145,38.584,Cloud_1,4,1.0,,0,0.0,21.41000000000021,No,109,id_5,1,false,-1,@9,70,200,250,38.584,39.584,0,VM_6,1
146,App_146,38.584,Cloud_1,4,1.0,,0,0.0,21.41000000000021,No,110,id_4,1,false,-1,@9,70,200,250,38.584,39.584,0,VM_7,1
147,App_147,38.584,Cloud_1,4,1.0,,0,0.0,19.37000000000019,No,112,id_6,1,false,-1,@9,70,200,250,38.584,39.584,0,VM_8,1
148,App_148,38.584,Cloud_1,4,1.0,,0,0.0,25.49000000000025,No,113,id_1,1,false,-1,@44,70,200,250,38.584,39.584,0,VM_9,1
149,App_149,38.584,Cloud_1,4,1.0,,0,0.0,26.51000000000026,No,114,id_0,1,false,-1,@44,70,200,250,38.584,39.584,0,VM_10,1
150,App_150,38.584,Cloud_1,4,1.0,,0,0.0,21.41000000000021,No,115,id_3,1,false,-1,@9,70,200,250,38.584,39.584,0,VM_1,1
151,App_151,38.584,Cloud_1,4,1.0,,0,0.0,21.41000000000021,No,116,id_2,1,false,-1,@44,70,200,250,38.584,39.584,0,VM_2,1
152,App_152,38.796,Cloud_1,4,1.0,,0,0.0,21.400000000000205,No,109,id_5,1,false,-1,@9,70,200,250,38.796,39.796,0,VM_3,1
153,App_153,38.796,Cloud_1,4,1.0,,0,0.0,21.400000000000205,No,110,id_4,1,false,-1,@9,70,200,250,38.796,39.796,0,VM_4,1
154,App_154,38.796,Cloud_1,4,1.0,,0,0.0,5.090000000000046,No,111,id_7,1,false,-1,@9,70,200,250,38.796,39.796,0,VM_5,1
155,App_155,38.796,Cloud_1,4,1.0,,0,0.0,19.360000000000184,No,112,id_6,1,false,-1,@9,70,200,250,38.796,39.796,0,VM_6,1
156,App_156,38.796,Cloud_1,4,1.0,,0,0.0,25.480000000000246,No,113,id_1,1,false,-1,@44,70,200,250,38.796,39.796,0,VM_7,1
157,App_157,38.796,Cloud_1,4,1.0,,0,0.0,26.500000000000256,No,114,id_0,1,false,-1,@44,70,200,250,38.796,39.796,0,VM_8,1
158,App_158,38.796,Cloud_1,4,1.0,,0,0.0,21.400000000000205,No,115,id_3,1,false,-1,@9,70,200,250,38.796,39.796,0,VM_9,1
159,App_159,38.796,Cloud_1,4,1.0,,0,0.0,21.400000000000205,No,116,id_2,1,false,-1,@44,70,200,250,38.796,39.796,0,VM_10,1
160,App_160,39.008,Cloud_1,4,1.0,,0,0.0,23.45000000000023,No,109,id_5,1,false,-1,@9,70,200,250,39.008,40.008,0,VM_1,1
161,App_161,39.008,Cloud_1,4,1.0,,0,0.0,23.45000000000023,No,110,id_4,1,false,-1,@9,70,200,250,39.008,40.008,0,VM_2,1
162,App_162,39.008,Cloud_1,4,1.0,,0,0.0,7.1300000000000665,No,111,id_7,1,false,-1,@9,70,200,250,39.008,40.008,0,VM_3,1
163,App_163,39.008,Cloud_1,4,1.0,,0,0.0,21.41000000000021,No,112,id_6,1,false,-1,@9,70,200,250,39.008,40.008,0,VM_4,1
164,App_164,39.008,Cloud_1,4,1.0,,0,0.0,27.53000000000027,No,113,id_1,1,false,-1,@44,70,200,250,39.008,40.008,0,VM_5,1
165,App_165,39.008,Cloud_1,4,1.0,,0,0.0,28.55000000000028,No,114,id_0,1,false,-1,@44,70,200,250,39.008,40.008,0,VM_6,1
166,App_166,39.008,Cloud_1,4,1.0,,0,0.0,23.45000000000023,No,115,id_3,1,false,-1,@12,70,200,250,39.008,40.008,0,VM_7,1
167,App_167,39.008,Cloud_1,4,1.0,,0,0.0,23.45000000000023,No,116,id_2,1,false,-1,@44,70,200,250,39.008,40.008,0,VM_8,1
168,App_168,39.22,Cloud_1,4,1.0,,0,0.0,23.440000000000225,No,109,id_5,1,false,-1,@9,70,200,250,39.22,40.22,0,VM_9,1
169,App_169,39.22,Cloud_1,4,1.0,,0,0.0,23.440000000000225,No,110,id_4,1,false,-1,@9,70,200,250,39.22,40.22,0,VM_10,1
170,App_170,39.22,Cloud_1,4,1.0,,0,0.0,7.120000000000061,No,111,id_7,1,false,-1,@9,70,200,250,39.22,40.22,0,VM_1,1
171,App_171,39.22,Cloud_1,4,1.0,,0,0.0,21.400000000000205,No,112,id_6,1,false,-1,@9,70,200,250,39.22,40.22,0,VM_2,1
172,App_172,39.22,Cloud_1,4,1.0,,0,0.0,27.520000000000266,No,113,id_1,1,false,-1,@44,70,200,250,39.22,40.22,0,VM_3,1
173,App_173,39.22,Cloud_1,4,1.0,,0,0.0,28.540000000000276,No,114,id_0,1,false,-1,@44,70,200,250,39.22,40.22,0,VM_4,1
174,App_174,39.22,Cloud_1,4,1.0,,0,0.0,23.440000000000225,No,115,id_3,1,false,-1,@12,70,200,250,39.22,40.22,0,VM_5,1
175,App_175,39.22,Cloud_1,4,1.0,,0,0.0,23.440000000000225,No,116,id_2,1,false,-1,@44,70,200,250,39.22,40.22,0,VM_6,1
176,App_176,39.432,Cloud_1,4,1.0,,0,0.0,25.49000000000025,No,109,id_5,1,false,-1,@9,70,200,250,39.432,40.432,0,VM_7,1
177,App_177,39.432,Cloud_1,4,1.0,,0,0.0,25.49000000000025,No,110,id_4,1,false,-1,@9,70,200,250,39.432,40.432,0,VM_8,1
178,App_178,39.432,Cloud_1,4,1.0,,0,0.0,9.170000000000087,No,111,id_7,1,false,-1,@9,70,200,250,39.432,40.432,0,VM_9,1
179,App_179,39.432,Cloud_1,4,1.0,,0,0.0,23.45000000000023,No,112,id_6,1,false,-1,@9,70,200,250,39.432,40.432,0,VM_10,1
180,App_180,39.432,Cloud_1,4,1.0,,0,0.0,29.57000000000029,No,113,id_1,1,false,-1,@44,70,200,250,39.432,40.432,0,VM_1,1
181,App_181,39.432,Cloud_1,4,1.0,,0,0.0,30.590000000000302,No,114,id_0,1,false,-1,@44,70,200,250,39.432,40.432,0,VM_2,1
182,App_182,39.432,Cloud_1,4,1.0,,0,0.0,25.49000000000025,No,115,id_3,1,false,-1,@12,70,200,250,39.432,40.432,0,VM_3,1
183,App_183,39.432,Cloud_1,4,1.0,,0,0.0,25.49000000000025,No,116,id_2,1,false,-1,@44,70,200,250,39.432,40.432,0,VM_4,1
184,App_184,39.644,Cloud_1,4,1.0,,0,0.0,25.480000000000246,No,109,id_5,1,false,-1,@9,70,200,250,39.644,40.644,0,VM_5,1
185,App_185,39.644,Cloud_1,4,1.0,,0,0.0,25.480000000000246,No,110,id_4,1,false,-1,@9,70,200,250,39.644,40.644,0,VM_6,1
186,App_186,39.644,Cloud_1,4,1.0,,0,0.0,9.160000000000082,No,111,id_7,1,false,-1,@9,70,200,250,39.644,40.644,0,VM_7,1
187,App_187,39.644,Cloud_1,4,1.0,,0,0.0,23.440000000000225,No,112,id_6,1,false,-1,@9,70,200,250,39.644,40.644,0,VM_8,1
188,App_188,39.644,Cloud_1,4,1.0,,0,0.0,29.560000000000286,No,113,id_1,1,false,-1,@44,70,200,250,39.644,40.644,0,VM_9,1
189,App_189,39.644,Cloud_1,4,1.0,,0,0.0,30.580000000000297,No,114,id_0,1,false,-1,@44,70,200,250,39.644,40.644,0,VM_10,1
190,App_190,39.644,Cloud_1,4,1.0,,0,0.0,25.480000000000246,No,115,id_3,1,false,-1,@12,70,200,250,39.644,40.644,0,VM_1,1
191,App_191,39.644,Cloud_1,4,1.0,,0,0.0,25.480000000000246,No,116,id_2,1,false,-1,@44,70,200,250,39.644,40.644,0,VM_2,1
192,App_192,39.856,Cloud_1,4,1.0,,0,0.0,26.51000000000026,No,109,id_5,1,false,-1,@9,70,200,250,39.856,40.856,0,VM_3,1
193,App_193,39.856,Cloud_1,4,1.0,,0,0.0,26.51000000000026,No,110,id_4,1,false,-1,@9,70,200,250,39.856,40.856,0,VM_4,1
194,App_194,39.856,Cloud_1,4,1.0,,0,0.0,10.190000000000097,No,111,id_7,1,false,-1,@34,70,200,250,39.856,40.856,0,VM_5,1
195,App_195,39.856,Cloud_1,4,1.0,,0,0.0,24.47000000000024,No,112,id_6,1,false,-1,@9,70,200,250,39.856,40.856,0,VM_6,1
196,App_196,39.856,Cloud_1,4,1.0,,0,0.0,30.590000000000302,No,113,id_1,1,false,-1,@44,70,200,250,39.856,40.856,0,VM_7,1
197,App_197,39.856,Cloud_1,4,1.0,,0,0.0,31.610000000000312,No,114,id_0,1,false,-1,@44,70,200,250,39.856,40.856,0,VM_8,1
198,App_198,39.856,Cloud_1,4,1.0,,0,0.0,26.51000000000026,No,115,id_3,1,false,-1,@12,70,200,250,39.856,40.856,0,VM_9,1
199,App_199,39.856,Cloud_1,4,1.0,,0,0.0,26.51000000000026,No,116,id_2,1,false,-1,@44,70,200,250,39.856,40.856,0,VM_10,1
