APP_ID,AppName,CloudLetMISize,"CloudLetProcessingTimeByVM","DataSizeIoTDeviceToMEL_Mb",DataSizeMELToVM_Mb,DestinationVmName,EdgeLetMISize,"EdgeLetProcessingTimeByMEL",EdgeLet_MEL_FinishTime,EdgeLet_MEL_StartTime,FinishTime,IoTDeviceName,MELName,MelEndTransmissionTime,MelStartTransmissionTime,StartTime,Transaction,TransactionTotalTime,"TransmissionTimeIoTDeviceToMEL",TransmissionTimeMELToVM,flowIoTMelAppId,flowMELCloudAppId,path_dst,path_src,zEdgeToWANBW
1,App_1,200.0,0.7967499999999994,1,70,"VM_2 (Cloud_1)",250.0,2.855999999999998,13.243999999999998,10.388,19.07893,id_0,"MEL_Edge_12.4 (Edge_12)",18.28218,13.243999999999998,10.176,1,8.90293,0.21199999999999974,5.038180000000002,1,1,"Host#2@Cloud_1",12,16.666666666666668
2,App_2,200.0,0.7963799999999992,1,70,"VM_3 (Cloud_1)",250.0,3.2799999999999994,13.879999999999999,10.6,19.56217,id_1,"MEL_Edge_12.4 (Edge_12)",18.76579,13.879999999999999,10.388,1,9.174169999999998,0.21199999999999974,4.88579,2,2,"Host#3@Cloud_1",12,33.333333333333336
3,App_3,200.0,0.796009999999999,1,70,"VM_4 (Cloud_1)",250.0,2.355999999999998,12.955999999999998,10.6,18.50218,id_0,"MEL_Edge_12.5 (Edge_12)",17.70617,12.955999999999998,10.388,1,8.11418,0.21199999999999974,4.7501700000000024,3,3,"Host#4@Cloud_1",12,14.285714285714286
4,App_4,200.0,0.796009999999999,1,70,"VM_5 (Cloud_1)",250.0,2.567999999999998,13.379999999999997,10.812,19.248179999999998,id_1,"MEL_Edge_12.5 (Edge_12)",18.45217,13.379999999999997,10.6,1,8.648179999999998,0.21199999999999974,5.072170000000002,4,4,"Host#5@Cloud_1",12,20.0
5,App_5,200.0,0.8000000000000007,1,70,"VM_6 (Cloud_1)",250.0,1.783999999999999,12.595999999999998,10.812,16.292089999999998,id_0,"MEL_Edge_12.6 (Edge_12)",15.492089999999997,12.595999999999998,10.6,1,5.6920899999999985,0.21199999999999974,2.896089999999999,5,5,"Host#6@Cloud_1",12,11.11111111111111
6,App_6,200.0,0.7979900000000022,1,70,"VM_7 (Cloud_1)",250.0,1.7840000000000007,12.808,11.024,17.98617,id_1,"MEL_Edge_12.6 (Edge_12)",17.18818,12.808,10.812,1,7.174170000000002,0.21199999999999974,4.380179999999999,6,6,"Host#1@Cloud_1",12,12.5
7,App_7,200.0,0.7970000000000006,1,70,"VM_8 (Cloud_1)",250.0,3.2799999999999976,14.303999999999997,11.024,19.68393,id_0,"MEL_Edge_12.4 (Edge_12)",18.88693,14.303999999999997,10.812,1,8.87193,0.21199999999999974,4.582930000000003,7,7,"Host#2@Cloud_1",12,50.0
8,App_8,200.0,0.7982399999999998,1,70,"VM_9 (Cloud_1)",250.0,3.139999999999999,14.375999999999998,11.235999999999999,19.69417,id_1,"MEL_Edge_12.4 (Edge_12)",18.89593,14.375999999999998,11.024,1,8.67017,0.21199999999999974,4.519930000000002,8,8,"Host#3@Cloud_1",12,100.0
9,App_9,200.0,0.796009999999999,1,70,"VM_10 (Cloud_1)",250.0,2.356,13.591999999999999,11.235999999999999,19.417789999999997,id_0,"MEL_Edge_12.5 (Edge_12)",18.621779999999998,13.591999999999999,11.024,1,8.393789999999997,0.21199999999999974,5.029779999999999,9,9,"Host#4@Cloud_1",12,25.0
10,App_10,200.0,0.7972899999999754,1,70,"VM_1 (Cloud_1)",250.0,20.855999999999995,55.623999999999995,34.768,86.27231,id_5,"MEL_Edge_9.1 (Edge_9)",85.47502000000003,55.623999999999995,34.556,1,51.71631000000001,0.2120000000000033,29.851020000000034,10,10,"Host#1@Cloud_1",9,1.25
11,App_11,200.0,0.7972899999999754,1,70,"VM_2 (Cloud_1)",250.0,20.855999999999995,55.623999999999995,34.768,86.27231,id_4,"MEL_Edge_9.1 (Edge_9)",85.47502000000003,55.623999999999995,34.556,1,51.71631000000001,0.2120000000000033,29.851020000000034,11,11,"Host#2@Cloud_1",9,1.2987012987012987
12,App_12,200.0,1.5078000000000031,1,70,"VM_3 (Cloud_1)",250.0,20.855999999999995,55.623999999999995,34.768,86.98282000000003,id_7,"MEL_Edge_9.1 (Edge_9)",85.47502000000003,55.623999999999995,34.556,1,52.426820000000035,0.2120000000000033,29.851020000000034,12,12,"Host#3@Cloud_1",9,1.2820512820512822
13,App_13,200.0,0.7972899999999754,1,70,"VM_4 (Cloud_1)",250.0,20.855999999999995,55.623999999999995,34.768,86.27231,id_6,"MEL_Edge_9.1 (Edge_9)",85.47502000000003,55.623999999999995,34.556,1,51.71631000000001,0.2120000000000033,29.851020000000034,13,13,"Host#4@Cloud_1",9,1.2658227848101267
14,App_14,200.0,1.4479899999999972,1,70,"VM_5 (Cloud_1)",250.0,5.232000000000006,40.00000000000001,34.768,42.51197,id_1,"MEL_Edge_204c.14 (Edge_204c)",41.06398,40.00000000000001,34.556,1,7.955970000000001,0.2120000000000033,1.0639799999999937,14,14,"Host#5@Cloud_1",44,50.0
15,App_15,200.0,0.7999999999999972,1,70,"VM_6 (Cloud_1)",250.0,3.167999999999992,37.93599999999999,34.768,39.43599999999999,id_0,"MEL_Edge_34.35 (Edge_34)",38.635999999999996,37.93599999999999,34.556,1,4.8799999999999955,0.2120000000000033,0.7000000000000028,15,15,"Host#6@Cloud_1",34,100.0
16,App_16,200.0,0.7999900000000011,1,70,"VM_7 (Cloud_1)",250.0,4.7479999999999976,39.516,34.768,41.56797,id_3,"MEL_Edge_34.31 (Edge_34)",40.76798,39.516,34.556,1,7.011970000000005,0.2120000000000033,1.2519800000000032,16,16,"Host#1@Cloud_1",34,50.0
17,App_17,200.0,0.7999999999999972,1,70,"VM_8 (Cloud_1)",250.0,3.1439999999999984,37.912,34.768,39.41199999999999,id_2,"MEL_Edge_204c.11 (Edge_204c)",38.611999999999995,37.912,34.556,1,4.8559999999999945,0.2120000000000033,0.6999999999999957,17,17,"Host#2@Cloud_1",44,100.0
18,App_18,200.0,0.7977100000000092,1,70,"VM_9 (Cloud_1)",250.0,20.064000000000007,55.044000000000004,34.98,80.47193000000001,id_5,"MEL_Edge_9.2 (Edge_9)",79.67422,55.044000000000004,34.768,1,45.703930000000014,0.2119999999999962,24.63022,18,18,"Host#3@Cloud_1",9,1.1904761904761905
19,App_19,200.0,0.7977100000000092,1,70,"VM_10 (Cloud_1)",250.0,20.064000000000007,55.044000000000004,34.98,80.47193000000001,id_4,"MEL_Edge_9.2 (Edge_9)",79.67422,55.044000000000004,34.768,1,45.703930000000014,0.2119999999999962,24.63022,19,19,"Host#4@Cloud_1",9,1.2048192771084338
20,App_20,200.0,0.7977100000000092,1,70,"VM_1 (Cloud_1)",250.0,20.064000000000007,55.044000000000004,34.98,80.47193000000001,id_7,"MEL_Edge_9.2 (Edge_9)",79.67422,55.044000000000004,34.768,1,45.703930000000014,0.2119999999999962,24.63022,20,20,"Host#1@Cloud_1",9,1.2345679012345678
21,App_21,200.0,0.7977100000000092,1,70,"VM_2 (Cloud_1)",250.0,20.064000000000007,55.044000000000004,34.98,80.47193000000001,id_6,"MEL_Edge_9.2 (Edge_9)",79.67422,55.044000000000004,34.768,1,45.703930000000014,0.2119999999999962,24.63022,21,21,"Host#2@Cloud_1",9,1.2195121951219512
22,App_22,200.0,0.7960099999999883,1,70,"VM_3 (Cloud_1)",250.0,5.356000000000009,40.336000000000006,34.98,42.19597999999999,id_1,"MEL_Edge_204c.17 (Edge_204c)",41.39997,40.336000000000006,34.768,1,7.427979999999991,0.2119999999999962,1.0639699999999976,22,22,"Host#3@Cloud_1",44,100.0
23,App_23,200.0,0.7979899999999915,1,70,"VM_4 (Cloud_1)",250.0,6.811999999999998,41.791999999999994,34.98,44.8039,id_0,"MEL_Edge_34.31 (Edge_34)",44.00591000000001,41.791999999999994,34.768,1,10.035899999999998,0.2119999999999962,2.2139100000000127,23,23,"Host#4@Cloud_1",34,20.0
24,App_24,200.0,1.4479999999999933,1,70,"VM_5 (Cloud_1)",250.0,4.6839999999999975,39.663999999999994,34.98,42.36397999999999,id_3,"MEL_Edge_34.33 (Edge_34)",40.91598,39.663999999999994,34.768,1,7.59597999999999,0.2119999999999962,1.2519800000000032,24,24,"Host#5@Cloud_1",34,100.0
25,App_25,200.0,0.7961400000000083,1,70,"VM_6 (Cloud_1)",250.0,9.248000000000012,44.22800000000001,34.98,46.080069999999985,id_2,"MEL_Edge_204c.14 (Edge_204c)",45.28392999999998,44.22800000000001,34.768,1,11.312069999999984,0.2119999999999962,1.055929999999968,25,25,"Host#6@Cloud_1",44,50.0
26,App_26,200.0,0.7999999999999972,1,70,"VM_7 (Cloud_1)",250.0,19.148000000000003,54.34,35.192,68.80725999999999,id_5,"MEL_Edge_9.3 (Edge_9)",68.00725999999999,54.34,34.98,1,33.82725999999999,0.2120000000000033,13.667259999999985,26,26,"Host#1@Cloud_1",9,1.1764705882352942
27,App_27,200.0,0.7999999999999972,1,70,"VM_8 (Cloud_1)",250.0,19.148000000000003,54.34,35.192,68.80725999999999,id_4,"MEL_Edge_9.3 (Edge_9)",68.00725999999999,54.34,34.98,1,33.82725999999999,0.2120000000000033,13.667259999999985,27,27,"Host#2@Cloud_1",9,1.1627906976744187
28,App_28,200.0,0.7999999999999972,1,70,"VM_9 (Cloud_1)",250.0,19.148000000000003,54.34,35.192,68.80725999999999,id_7,"MEL_Edge_9.3 (Edge_9)",68.00725999999999,54.34,34.98,1,33.82725999999999,0.2120000000000033,13.667259999999985,28,28,"Host#3@Cloud_1",9,1.1494252873563218
29,App_29,200.0,0.7999999999999972,1,70,"VM_10 (Cloud_1)",250.0,19.148000000000003,54.34,35.192,68.80725999999999,id_6,"MEL_Edge_9.3 (Edge_9)",68.00725999999999,54.34,34.98,1,33.82725999999999,0.2120000000000033,13.667259999999985,29,29,"Host#4@Cloud_1",9,1.1363636363636365
30,App_30,200.0,0.7999999999999972,1,70,"VM_1 (Cloud_1)",250.0,10.223999999999997,45.416,35.192,47.91961999999999,id_1,"MEL_Edge_204c.11 (Edge_204c)",47.11961999999999,45.416,34.98,1,12.93961999999999,0.2120000000000033,1.7036199999999937,30,30,"Host#1@Cloud_1",44,34.48275862068966
31,App_31,200.0,0.7960199999999915,1,70,"VM_2 (Cloud_1)",250.0,6.591999999999992,41.78399999999999,35.192,44.76189,id_0,"MEL_Edge_34.33 (Edge_34)",43.96587000000001,41.78399999999999,34.98,1,9.781890000000004,0.2120000000000033,2.1818700000000177,31,31,"Host#2@Cloud_1",34,16.666666666666668
32,App_32,200.0,0.797159999999991,1,70,"VM_3 (Cloud_1)",250.0,6.939999999999998,42.132,35.192,45.83192999999998,id_3,"MEL_Edge_34.35 (Edge_34)",45.03476999999999,42.132,34.98,1,10.851929999999982,0.2120000000000033,2.9027699999999896,32,32,"Host#3@Cloud_1",34,11.11111111111111
33,App_33,200.0,0.7986999999999966,1,70,"VM_4 (Cloud_1)",250.0,9.380000000000003,44.572,35.192,46.69876999999998,id_2,"MEL_Edge_204c.17 (Edge_204c)",45.900069999999985,44.572,34.98,1,11.718769999999985,0.2120000000000033,1.3280699999999825,33,33,"Host#4@Cloud_1",44,43.47826086956522
34,App_34,200.0,0.7999999999999972,1,70,"VM_5 (Cloud_1)",250.0,24.351999999999997,59.756,35.404,109.55040000000001,id_5,"MEL_Edge_9.1 (Edge_9)",108.75040000000001,59.756,35.192,1,74.3584,0.2120000000000033,48.99440000000001,34,34,"Host#5@Cloud_1",9,1.4285714285714286
35,App_35,200.0,0.7999999999999972,1,70,"VM_6 (Cloud_1)",250.0,24.351999999999997,59.756,35.404,109.55040000000001,id_4,"MEL_Edge_9.1 (Edge_9)",108.75040000000001,59.756,35.192,1,74.3584,0.2120000000000033,48.99440000000001,35,35,"Host#6@Cloud_1",9,1.492537313432836
36,App_36,200.0,0.7999999999999972,1,70,"VM_7 (Cloud_1)",250.0,24.351999999999997,59.756,35.404,109.55040000000001,id_7,"MEL_Edge_9.1 (Edge_9)",108.75040000000001,59.756,35.192,1,74.3584,0.2120000000000033,48.99440000000001,36,36,"Host#1@Cloud_1",9,1.4705882352941178
37,App_37,200.0,0.7999999999999972,1,70,"VM_8 (Cloud_1)",250.0,24.351999999999997,59.756,35.404,109.55040000000001,id_6,"MEL_Edge_9.1 (Edge_9)",108.75040000000001,59.756,35.192,1,74.3584,0.2120000000000033,48.99440000000001,37,37,"Host#2@Cloud_1",9,1.4492753623188406
38,App_38,200.0,0.7968499999999992,1,70,"VM_9 (Cloud_1)",250.0,12.852000000000004,48.25600000000001,35.404,51.520250000000004,id_1,"MEL_Edge_204c.14 (Edge_204c)",50.723400000000005,48.25600000000001,35.192,1,16.328250000000004,0.2120000000000033,2.467399999999998,38,38,"Host#3@Cloud_1",44,20.0
39,App_39,200.0,0.7999999999999972,1,70,"VM_10 (Cloud_1)",250.0,7.676000000000002,43.080000000000005,35.404,53.414970000000004,id_0,"MEL_Edge_34.35 (Edge_34)",52.61497000000001,43.080000000000005,35.192,1,18.222970000000004,0.2120000000000033,9.534970000000001,39,39,"Host#4@Cloud_1",34,3.5714285714285716
40,App_40,200.0,0.7999999999999972,1,70,"VM_1 (Cloud_1)",250.0,8.508000000000003,43.912000000000006,35.404,58.68979999999998,id_3,"MEL_Edge_34.31 (Edge_34)",57.88979999999998,43.912000000000006,35.192,1,23.497799999999977,0.2120000000000033,13.977799999999974,40,40,"Host#1@Cloud_1",34,3.8461538461538463
41,App_41,200.0,0.7999999999999972,1,70,"VM_2 (Cloud_1)",250.0,12.028000000000006,47.43200000000001,35.404,50.335179999999994,id_2,"MEL_Edge_204c.11 (Edge_204c)",49.53518,47.43200000000001,35.192,1,15.143179999999994,0.2120000000000033,2.1031799999999876,41,41,"Host#2@Cloud_1",44,25.0
42,App_42,200.0,0.7999999999999972,1,70,"VM_3 (Cloud_1)",250.0,23.58,59.196,35.616,107.37258000000001,id_5,"MEL_Edge_9.2 (Edge_9)",106.57258000000002,59.196,35.404,1,71.96858000000002,0.2119999999999962,47.37658000000002,42,42,"Host#3@Cloud_1",9,1.3888888888888888
43,App_43,200.0,0.7999999999999972,1,70,"VM_4 (Cloud_1)",250.0,23.58,59.196,35.616,107.37258000000001,id_4,"MEL_Edge_9.2 (Edge_9)",106.57258000000002,59.196,35.404,1,71.96858000000002,0.2119999999999962,47.37658000000002,43,43,"Host#4@Cloud_1",9,1.36986301369863
44,App_44,200.0,0.7999999999999972,1,70,"VM_5 (Cloud_1)",250.0,23.58,59.196,35.616,107.37258000000001,id_6,"MEL_Edge_9.2 (Edge_9)",106.57258000000002,59.196,35.404,1,71.96858000000002,0.2119999999999962,47.37658000000002,44,44,"Host#5@Cloud_1",9,1.408450704225352
45,App_45,200.0,0.7991499999999974,1,70,"VM_6 (Cloud_1)",250.0,12.987999999999985,48.603999999999985,35.616,52.0634,id_1,"MEL_Edge_204c.17 (Edge_204c)",51.264250000000004,48.603999999999985,35.404,1,16.659399999999998,0.2119999999999962,2.660250000000019,45,45,"Host#6@Cloud_1",44,20.0
46,App_46,200.0,0.7971799999999973,1,70,"VM_7 (Cloud_1)",250.0,8.931999999999988,44.54799999999999,35.616,61.73038,id_0,"MEL_Edge_34.31 (Edge_34)",60.9332,44.54799999999999,35.404,1,26.326379999999993,0.2119999999999962,16.38520000000001,46,46,"Host#1@Cloud_1",34,4.3478260869565215
47,App_47,200.0,0.7986299999999957,1,70,"VM_8 (Cloud_1)",250.0,8.076000000000008,43.69200000000001,35.616,57.544379999999975,id_3,"MEL_Edge_34.33 (Edge_34)",56.74574999999998,43.69200000000001,35.404,1,22.140379999999972,0.2119999999999962,13.053749999999972,47,47,"Host#2@Cloud_1",34,3.7037037037037037
48,App_48,200.0,0.7999999999999972,1,70,"VM_9 (Cloud_1)",250.0,13.911999999999999,49.528,35.616,54.237320000000004,id_2,"MEL_Edge_204c.14 (Edge_204c)",53.43732000000001,49.528,35.404,1,18.83332,0.2119999999999962,3.909320000000008,48,48,"Host#3@Cloud_1",44,8.333333333333334
49,App_49,200.0,0.7999999999999972,1,70,"VM_10 (Cloud_1)",250.0,22.327999999999996,58.156,35.828,102.31125000000002,id_5,"MEL_Edge_9.3 (Edge_9)",101.51125000000002,58.156,35.616,1,66.69525000000002,0.2120000000000033,43.35525000000002,49,49,"Host#4@Cloud_1",9,1.3513513513513513
50,App_50,200.0,0.7999999999999972,1,70,"VM_1 (Cloud_1)",250.0,22.327999999999996,58.156,35.828,102.31125000000002,id_4,"MEL_Edge_9.3 (Edge_9)",101.51125000000002,58.156,35.616,1,66.69525000000002,0.2120000000000033,43.35525000000002,50,50,"Host#1@Cloud_1",9,1.3333333333333333
51,App_51,200.0,0.7999999999999972,1,70,"VM_2 (Cloud_1)",250.0,22.327999999999996,58.156,35.828,102.31125000000002,id_6,"MEL_Edge_9.3 (Edge_9)",101.51125000000002,58.156,35.616,1,66.69525000000002,0.2120000000000033,43.35525000000002,51,51,"Host#2@Cloud_1",9,1.3157894736842106
52,App_52,200.0,0.7973700000000008,1,70,"VM_3 (Cloud_1)",250.0,14.148000000000003,49.976000000000006,35.828,57.15774999999998,id_1,"MEL_Edge_204c.11 (Edge_204c)",56.36037999999998,49.976000000000006,35.616,1,21.54174999999998,0.2120000000000033,6.384379999999972,52,52,"Host#3@Cloud_1",44,1.9230769230769231
53,App_53,200.0,0.7967599999999919,1,70,"VM_4 (Cloud_1)",250.0,8.427999999999983,44.255999999999986,35.828,60.61059999999999,id_0,"MEL_Edge_34.33 (Edge_34)",59.81384,44.255999999999986,35.616,1,24.99459999999999,0.2120000000000033,15.557840000000013,53,53,"Host#4@Cloud_1",34,4.166666666666667
54,App_54,200.0,0.7992400000000046,1,70,"VM_5 (Cloud_1)",250.0,8.384,44.212,35.828,60.40184,id_3,"MEL_Edge_34.35 (Edge_34)",59.602599999999995,44.212,35.616,1,24.78584,0.2120000000000033,15.390599999999992,54,54,"Host#5@Cloud_1",34,4.0
55,App_55,200.0,0.7999999999999972,1,70,"VM_6 (Cloud_1)",250.0,14.043999999999997,49.872,35.828,56.07094999999999,id_2,"MEL_Edge_204c.17 (Edge_204c)",55.27094999999999,49.872,35.616,1,20.45494999999999,0.2120000000000033,5.398949999999992,55,55,"Host#6@Cloud_1",44,3.5714285714285716
56,App_56,200.0,0.7961500000000115,1,70,"VM_7 (Cloud_1)",250.0,25.468000000000004,61.508,36.04,113.95922000000002,id_5,"MEL_Edge_9.1 (Edge_9)",113.16307,61.508,35.828,1,78.13122000000001,0.2119999999999962,51.65507,56,56,"Host#1@Cloud_1",9,1.7857142857142858
57,App_57,200.0,0.7961500000000115,1,70,"VM_8 (Cloud_1)",250.0,25.468000000000004,61.508,36.04,113.95922000000002,id_4,"MEL_Edge_9.1 (Edge_9)",113.16307,61.508,35.828,1,78.13122000000001,0.2119999999999962,51.65507,57,57,"Host#2@Cloud_1",9,1.7543859649122806
58,App_58,200.0,0.7961500000000115,1,70,"VM_9 (Cloud_1)",250.0,25.468000000000004,61.508,36.04,113.95922000000002,id_6,"MEL_Edge_9.1 (Edge_9)",113.16307,61.508,35.828,1,78.13122000000001,0.2119999999999962,51.65507,58,58,"Host#3@Cloud_1",9,1.7241379310344827
59,App_59,200.0,0.7999999999999972,1,70,"VM_10 (Cloud_1)",250.0,15.295999999999985,51.335999999999984,36.04,71.51944999999999,id_1,"MEL_Edge_204c.14 (Edge_204c)",70.71945,51.335999999999984,35.828,1,35.69144999999999,0.2119999999999962,19.38345000000001,59,59,"Host#4@Cloud_1",44,2.0
60,App_60,200.0,0.7988199999999992,1,70,"VM_1 (Cloud_1)",250.0,8.543999999999983,44.58399999999998,36.04,61.8452,id_0,"MEL_Edge_34.35 (Edge_34)",61.04638,44.58399999999998,35.828,1,26.017199999999995,0.2119999999999962,16.462380000000017,60,60,"Host#1@Cloud_1",34,4.545454545454546
61,App_61,200.0,1.3588900000000095,1,70,"VM_2 (Cloud_1)",250.0,9.35599999999998,45.39599999999998,36.04,64.28205,id_3,"MEL_Edge_34.31 (Edge_34)",62.92315999999999,45.39599999999998,35.828,1,28.454049999999995,0.2119999999999962,17.52716000000001,61,61,"Host#2@Cloud_1",34,5.882352941176471
62,App_62,200.0,0.7960300000000302,1,70,"VM_3 (Cloud_1)",250.0,14.840000000000003,50.88,36.04,66.77600000000002,id_2,"MEL_Edge_204c.11 (Edge_204c)",65.97997,50.88,35.828,1,30.94800000000002,0.2119999999999962,15.099969999999992,62,62,"Host#3@Cloud_1",44,1.9607843137254901
63,App_63,200.0,0.796289999999999,1,70,"VM_4 (Cloud_1)",250.0,25.01999999999999,61.27199999999999,36.252,113.50307000000001,id_5,"MEL_Edge_9.2 (Edge_9)",112.70678000000001,61.27199999999999,36.04,1,77.46307000000002,0.2120000000000033,51.43478000000002,63,63,"Host#4@Cloud_1",9,1.694915254237288
64,App_64,200.0,0.796289999999999,1,70,"VM_5 (Cloud_1)",250.0,25.01999999999999,61.27199999999999,36.252,113.50307000000001,id_4,"MEL_Edge_9.2 (Edge_9)",112.70678000000001,61.27199999999999,36.04,1,77.46307000000002,0.2120000000000033,51.43478000000002,64,64,"Host#5@Cloud_1",9,1.6666666666666667
65,App_65,200.0,0.796289999999999,1,70,"VM_6 (Cloud_1)",250.0,25.01999999999999,61.27199999999999,36.252,113.50307000000001,id_6,"MEL_Edge_9.2 (Edge_9)",112.70678000000001,61.27199999999999,36.04,1,77.46307000000002,0.2120000000000033,51.43478000000002,65,65,"Host#6@Cloud_1",9,1.639344262295082
66,App_66,200.0,0.7999999999999972,1,70,"VM_7 (Cloud_1)",250.0,15.423999999999985,51.67599999999999,36.252,74.85153,id_1,"MEL_Edge_204c.17 (Edge_204c)",74.05153,51.67599999999999,36.04,1,38.81153,0.2120000000000033,22.375530000000012,66,66,"Host#1@Cloud_1",44,2.0408163265306123
67,App_67,200.0,2.123800000000003,1,70,"VM_8 (Cloud_1)",250.0,9.443999999999981,45.695999999999984,36.252,65.38017,id_0,"MEL_Edge_34.31 (Edge_34)",63.256370000000004,45.695999999999984,36.04,1,29.340170000000008,0.2120000000000033,17.56037000000002,67,67,"Host#2@Cloud_1",34,8.333333333333334
68,App_68,200.0,0.7963799999999992,1,70,"VM_9 (Cloud_1)",250.0,8.747999999999983,44.999999999999986,36.252,62.934760000000004,id_3,"MEL_Edge_34.33 (Edge_34)",62.138380000000005,44.999999999999986,36.04,1,26.894760000000005,0.2120000000000033,17.13838000000002,68,68,"Host#3@Cloud_1",34,4.761904761904762
69,App_69,200.0,0.7999999999999972,1,70,"VM_10 (Cloud_1)",250.0,15.764000000000003,52.016000000000005,36.252,77.5716,id_2,"MEL_Edge_204c.14 (Edge_204c)",76.7716,52.016000000000005,36.04,1,41.531600000000005,0.2120000000000033,24.7556,69,69,"Host#4@Cloud_1",44,2.0833333333333335
70,App_70,200.0,0.7999999999999972,1,70,"VM_1 (Cloud_1)",250.0,23.608000000000004,60.072,36.464,110.49843000000001,id_5,"MEL_Edge_9.3 (Edge_9)",109.69843000000002,60.072,36.252,1,74.24643000000002,0.2119999999999962,49.62643000000001,70,70,"Host#1@Cloud_1",9,1.5625
71,App_71,200.0,0.7999999999999972,1,70,"VM_2 (Cloud_1)",250.0,23.608000000000004,60.072,36.464,110.49843000000001,id_4,"MEL_Edge_9.3 (Edge_9)",109.69843000000002,60.072,36.252,1,74.24643000000002,0.2119999999999962,49.62643000000001,71,71,"Host#2@Cloud_1",9,1.5384615384615385
72,App_72,200.0,0.7999999999999972,1,70,"VM_3 (Cloud_1)",250.0,23.608000000000004,60.072,36.464,110.49843000000001,id_6,"MEL_Edge_9.3 (Edge_9)",109.69843000000002,60.072,36.252,1,74.24643000000002,0.2119999999999962,49.62643000000001,72,72,"Host#3@Cloud_1",9,1.5151515151515151
73,App_73,200.0,0.7980500000000035,1,70,"VM_4 (Cloud_1)",250.0,15.768,52.232,36.464,79.01993000000002,id_1,"MEL_Edge_204c.11 (Edge_204c)",78.22188000000001,52.232,36.252,1,42.767930000000014,0.2119999999999962,25.989880000000014,73,73,"Host#4@Cloud_1",44,2.127659574468085
74,App_74,200.0,1.2863700000000122,1,70,"VM_5 (Cloud_1)",250.0,8.787999999999997,45.251999999999995,36.464,63.982910000000004,id_0,"MEL_Edge_34.33 (Edge_34)",62.69653999999999,45.251999999999995,36.252,1,27.73091,0.2119999999999962,17.444539999999996,74,74,"Host#5@Cloud_1",34,5.2631578947368425
75,App_75,200.0,0.7963999999999842,1,70,"VM_6 (Cloud_1)",250.0,8.628000000000007,45.092000000000006,36.464,63.15515999999999,id_3,"MEL_Edge_34.35 (Edge_34)",62.358760000000004,45.092000000000006,36.252,1,26.903159999999986,0.2119999999999962,17.266759999999998,75,75,"Host#6@Cloud_1",34,5.0
76,App_76,200.0,0.7979500000000002,1,70,"VM_7 (Cloud_1)",250.0,15.888000000000005,52.352000000000004,36.464,79.70988000000001,id_2,"MEL_Edge_204c.17 (Edge_204c)",78.91193000000001,52.352000000000004,36.252,1,43.45788000000001,0.2119999999999962,26.55993000000001,76,76,"Host#1@Cloud_1",44,2.1739130434782608
77,App_77,200.0,2.733380000000011,1,70,"VM_8 (Cloud_1)",250.0,25.92799999999999,62.60399999999999,36.676,117.58422,id_5,"MEL_Edge_9.1 (Edge_9)",114.85083999999999,62.60399999999999,36.464,1,81.12022,0.2120000000000033,52.24684,77,77,"Host#2@Cloud_1",9,2.127659574468085
78,App_78,200.0,1.5359900000000124,1,70,"VM_9 (Cloud_1)",250.0,25.92799999999999,62.60399999999999,36.676,116.38683,id_4,"MEL_Edge_9.1 (Edge_9)",114.85083999999999,62.60399999999999,36.464,1,79.92283,0.2120000000000033,52.24684,78,78,"Host#3@Cloud_1",9,2.1739130434782608
79,App_79,200.0,0.7999999999999972,1,70,"VM_10 (Cloud_1)",250.0,16.395999999999994,53.071999999999996,36.676,83.12718,id_1,"MEL_Edge_204c.14 (Edge_204c)",82.32718,53.071999999999996,36.464,1,46.66318,0.2120000000000033,29.255180000000003,79,79,"Host#4@Cloud_1",44,2.272727272727273
80,App_80,200.0,1.1473400000000211,1,70,"VM_1 (Cloud_1)",250.0,8.591999999999977,45.26799999999998,36.676,63.87268000000001,id_0,"MEL_Edge_34.35 (Edge_34)",62.72533999999999,45.26799999999998,36.464,1,27.40868000000001,0.2120000000000033,17.45734000000001,80,80,"Host#1@Cloud_1",34,5.555555555555555
81,App_81,200.0,2.4872899999999802,1,70,"VM_2 (Cloud_1)",250.0,9.448,46.124,36.676,65.97733999999998,id_3,"MEL_Edge_34.31 (Edge_34)",63.490050000000004,46.124,36.464,1,29.513339999999985,0.2120000000000033,17.36605,81,81,"Host#2@Cloud_1",34,8.928571428571429
82,App_82,200.0,0.7999999999999972,1,70,"VM_3 (Cloud_1)",250.0,16.088,52.764,36.676,81.77198,id_2,"MEL_Edge_204c.11 (Edge_204c)",80.97198,52.764,36.464,1,45.30798,0.2120000000000033,28.20798,82,82,"Host#3@Cloud_1",44,2.2222222222222223
83,App_83,200.0,1.536100000000019,1,70,"VM_4 (Cloud_1)",250.0,25.656,62.544,36.888,116.31332000000002,id_5,"MEL_Edge_9.2 (Edge_9)",114.77722,62.544,36.676,1,79.63732000000002,0.2119999999999962,52.23322,83,83,"Host#4@Cloud_1",9,2.0
84,App_84,200.0,0.7961000000000098,1,70,"VM_5 (Cloud_1)",250.0,25.656,62.544,36.888,115.57332000000001,id_4,"MEL_Edge_9.2 (Edge_9)",114.77722,62.544,36.676,1,78.89732000000001,0.2119999999999962,52.23322,84,84,"Host#5@Cloud_1",9,1.9607843137254901
85,App_85,200.0,0.7966899999999981,1,70,"VM_6 (Cloud_1)",250.0,16.524000000000008,53.412000000000006,36.888,84.453,id_1,"MEL_Edge_204c.17 (Edge_204c)",83.65631,53.412000000000006,36.676,1,47.777,0.2119999999999962,30.24431,85,85,"Host#6@Cloud_1",44,2.3255813953488373
86,App_86,200.0,1.3093299999999957,1,70,"VM_7 (Cloud_1)",250.0,9.385999999999989,46.27399999999999,36.888,64.87289,id_0,"MEL_Edge_34.31 (Edge_34)",63.56356,46.27399999999999,36.676,1,28.196889999999996,0.2119999999999962,17.289560000000016,86,86,"Host#1@Cloud_1",34,8.849557522123893
87,App_87,200.0,2.053440000000002,1,70,"VM_8 (Cloud_1)",250.0,8.723999999999997,45.611999999999995,36.888,65.24356,id_3,"MEL_Edge_34.33 (Edge_34)",63.19012,45.611999999999995,36.676,1,28.56756,0.2119999999999962,17.578120000000006,87,87,"Host#2@Cloud_1",34,7.142857142857143
88,App_88,200.0,0.7963299999999975,1,70,"VM_9 (Cloud_1)",250.0,16.607999999999997,53.495999999999995,36.888,84.76533,id_2,"MEL_Edge_204c.14 (Edge_204c)",83.96900000000001,53.495999999999995,36.676,1,48.089330000000004,0.2119999999999962,30.473000000000013,88,88,"Host#3@Cloud_1",44,2.380952380952381
89,App_89,200.0,0.7995599999999996,1,70,"VM_10 (Cloud_1)",250.0,24.111999999999995,61.211999999999996,37.1,113.37078000000001,id_5,"MEL_Edge_9.3 (Edge_9)",112.57122000000001,61.211999999999996,36.888,1,76.48278,0.2120000000000033,51.359220000000015,89,89,"Host#4@Cloud_1",9,1.6129032258064515
90,App_90,200.0,0.7995599999999996,1,70,"VM_1 (Cloud_1)",250.0,24.111999999999995,61.211999999999996,37.1,113.37078000000001,id_4,"MEL_Edge_9.3 (Edge_9)",112.57122000000001,61.211999999999996,36.888,1,76.48278,0.2120000000000033,51.359220000000015,90,90,"Host#1@Cloud_1",9,1.5873015873015872
91,App_91,200.0,2.487220000000015,1,70,"VM_2 (Cloud_1)",250.0,9.275999999999996,46.376,37.1,66.09838000000002,id_6,"MEL_Edge_34.31 (Edge_34)",63.611160000000005,46.376,36.888,1,29.210380000000022,0.2120000000000033,17.235160000000008,91,91,"Host#2@Cloud_1",34,8.928571428571429
92,App_92,200.0,0.79722000000001,1,70,"VM_3 (Cloud_1)",250.0,16.511999999999993,53.611999999999995,37.1,85.16255000000002,id_1,"MEL_Edge_204c.11 (Edge_204c)",84.36533000000001,53.611999999999995,36.888,1,48.274550000000026,0.2120000000000033,30.75333000000002,92,92,"Host#3@Cloud_1",44,2.4390243902439024
93,App_93,200.0,0.7960499999999939,1,70,"VM_4 (Cloud_1)",250.0,8.627999999999979,45.72799999999998,37.1,64.07405,id_0,"MEL_Edge_34.33 (Edge_34)",63.278000000000006,45.72799999999998,36.888,1,27.18605,0.2120000000000033,17.550000000000026,93,93,"Host#4@Cloud_1",34,8.695652173913043
94,App_94,200.0,1.671999999999997,1,70,"VM_5 (Cloud_1)",250.0,8.411999999999992,45.51199999999999,37.1,64.74981999999999,id_3,"MEL_Edge_34.35 (Edge_34)",63.07781999999999,45.51199999999999,36.888,1,27.861819999999987,0.2120000000000033,17.565819999999995,94,94,"Host#5@Cloud_1",34,6.25
95,App_95,200.0,0.7964700000000136,1,70,"VM_6 (Cloud_1)",250.0,16.73599999999999,53.83599999999999,37.1,85.85102000000003,id_2,"MEL_Edge_204c.17 (Edge_204c)",85.05455000000002,53.83599999999999,36.888,1,48.963020000000036,0.2120000000000033,31.21855000000003,95,95,"Host#6@Cloud_1",44,2.5
96,App_96,200.0,2.8872900000000072,1,70,"VM_7 (Cloud_1)",250.0,26.126000000000005,63.438,37.312,118.43673999999997,id_5,"MEL_Edge_9.1 (Edge_9)",115.54944999999996,63.438,37.1,1,81.33673999999996,0.2119999999999962,52.11144999999996,96,96,"Host#1@Cloud_1",9,2.857142857142857
97,App_97,200.0,3.875290000000021,1,70,"VM_8 (Cloud_1)",250.0,26.126000000000005,63.438,37.312,119.42473999999999,id_4,"MEL_Edge_9.1 (Edge_9)",115.54944999999996,63.438,37.1,1,82.32473999999998,0.2119999999999962,52.11144999999996,97,97,"Host#2@Cloud_1",9,2.9411764705882355
98,App_98,200.0,1.569979999999994,1,70,"VM_9 (Cloud_1)",250.0,8.497999999999983,45.80999999999998,37.312,64.89689,id_6,"MEL_Edge_34.33 (Edge_34)",63.326910000000005,45.80999999999998,37.1,1,27.796889999999998,0.2119999999999962,17.516910000000024,98,98,"Host#3@Cloud_1",34,8.849557522123893
99,App_99,200.0,0.9260200000000083,1,70,"VM_10 (Cloud_1)",250.0,16.872,54.184,37.312,86.89245000000004,id_1,"MEL_Edge_204c.14 (Edge_204c)",85.96643000000003,54.184,37.1,1,49.79245000000004,0.2119999999999962,31.782430000000033,99,99,"Host#4@Cloud_1",44,2.6315789473684212
100,App_100,200.0,1.147699999999972,1,70,"VM_1 (Cloud_1)",250.0,8.280000000000015,45.59200000000001,37.312,64.31781999999997,id_0,"MEL_Edge_34.35 (Edge_34)",63.17012,45.59200000000001,37.1,1,27.217819999999968,0.2119999999999962,17.578119999999984,100,100,"Host#1@Cloud_1",34,6.666666666666667
101,App_101,200.0,2.46764000000001,1,70,"VM_2 (Cloud_1)",250.0,9.136000000000003,46.448,37.312,66.11076000000001,id_3,"MEL_Edge_34.31 (Edge_34)",63.64312,46.448,37.1,1,29.010760000000012,0.2119999999999962,17.195120000000003,101,101,"Host#2@Cloud_1",34,9.00900900900901
102,App_102,200.0,1.5097299999999905,1,70,"VM_3 (Cloud_1)",250.0,16.643999999999984,53.95599999999998,37.312,86.89855000000001,id_2,"MEL_Edge_204c.11 (Edge_204c)",85.38882000000002,53.95599999999998,37.1,1,49.79855000000001,0.2119999999999962,31.432820000000042,102,102,"Host#3@Cloud_1",44,2.5641025641025643
103,App_103,200.0,4.187170000000037,1,70,"VM_4 (Cloud_1)",250.0,25.976,63.5,37.524,119.77383,id_5,"MEL_Edge_9.2 (Edge_9)",115.58665999999997,63.5,37.312,1,82.46183,0.2120000000000033,52.086659999999966,103,103,"Host#4@Cloud_1",9,3.125
104,App_104,200.0,1.9735600000000346,1,70,"VM_5 (Cloud_1)",250.0,25.976,63.5,37.524,117.56022,id_4,"MEL_Edge_9.2 (Edge_9)",115.58665999999997,63.5,37.312,1,80.24822,0.2120000000000033,52.086659999999966,104,104,"Host#5@Cloud_1",9,3.0303030303030303
105,App_105,200.0,1.4083899999999971,1,70,"VM_6 (Cloud_1)",250.0,8.115999999999985,45.639999999999986,37.524,64.62276,id_6,"MEL_Edge_34.35 (Edge_34)",63.21437,45.639999999999986,37.312,1,27.310760000000002,0.2120000000000033,17.574370000000016,105,105,"Host#6@Cloud_1",34,7.6923076923076925
106,App_106,200.0,1.1141300000000172,1,70,"VM_7 (Cloud_1)",250.0,17.00399999999999,54.52799999999999,37.524,87.86445000000005,id_1,"MEL_Edge_204c.17 (Edge_204c)",86.75032000000003,54.52799999999999,37.312,1,50.55245000000005,0.2120000000000033,32.22232000000004,106,106,"Host#1@Cloud_1",44,2.857142857142857
107,App_107,200.0,1.91948,1,70,"VM_8 (Cloud_1)",250.0,8.965999999999987,46.48999999999999,37.524,65.58037,id_0,"MEL_Edge_34.31 (Edge_34)",63.66089,46.48999999999999,37.312,1,28.268370000000004,0.2120000000000033,17.170890000000014,107,107,"Host#2@Cloud_1",34,9.090909090909092
108,App_108,200.0,1.5686599999999657,1,70,"VM_9 (Cloud_1)",250.0,8.331999999999987,45.85599999999999,37.524,64.92133999999997,id_3,"MEL_Edge_34.33 (Edge_34)",63.35268000000001,45.85599999999999,37.312,1,27.609339999999975,0.2120000000000033,17.49668000000002,108,108,"Host#3@Cloud_1",34,8.928571428571429
109,App_109,200.0,0.926099999999991,1,70,"VM_10 (Cloud_1)",250.0,16.948,54.472,37.524,87.55855000000003,id_2,"MEL_Edge_204c.14 (Edge_204c)",86.63245000000003,54.472,37.312,1,50.24655000000003,0.2120000000000033,32.16045000000003,109,109,"Host#4@Cloud_1",44,2.7027027027027026
110,App_110,200.0,0.7974099999999851,1,70,"VM_1 (Cloud_1)",250.0,24.336000000000006,62.072,37.736,114.9005,id_5,"MEL_Edge_9.3 (Edge_9)",114.10309000000001,62.072,37.524,1,77.3765,0.2119999999999962,52.031090000000006,110,110,"Host#1@Cloud_1",9,1.8518518518518519
111,App_111,200.0,0.8637499999999818,1,70,"VM_2 (Cloud_1)",250.0,24.336000000000006,62.072,37.736,114.96683999999999,id_4,"MEL_Edge_9.3 (Edge_9)",114.10309000000001,62.072,37.524,1,77.44283999999999,0.2119999999999962,52.031090000000006,111,111,"Host#2@Cloud_1",9,1.8181818181818181
112,App_112,200.0,3.7380000000000138,1,70,"VM_3 (Cloud_1)",250.0,26.124000000000002,63.86,37.736,119.52045999999999,id_6,"MEL_Edge_9.1 (Edge_9)",115.78245999999997,63.86,37.524,1,81.99645999999998,0.2119999999999962,51.92245999999997,112,112,"Host#3@Cloud_1",9,3.225806451612903
113,App_113,200.0,1.1779000000000082,1,70,"VM_4 (Cloud_1)",250.0,16.787999999999997,54.523999999999994,37.736,87.92045000000005,id_1,"MEL_Edge_204c.11 (Edge_204c)",86.74255000000004,54.523999999999994,37.524,1,50.396450000000044,0.2119999999999962,32.21855000000004,113,113,"Host#4@Cloud_1",44,2.7777777777777777
114,App_114,200.0,1.2092099999999846,1,70,"VM_5 (Cloud_1)",250.0,16.964,54.699999999999996,37.736,88.26734000000002,id_0,"MEL_Edge_204c.14 (Edge_204c)",87.05813000000003,54.699999999999996,37.524,1,50.74334000000002,0.2119999999999962,32.35813000000004,114,114,"Host#5@Cloud_1",44,2.9411764705882355
115,App_115,200.0,0.7974099999999851,1,70,"VM_6 (Cloud_1)",250.0,24.336000000000006,62.072,37.736,114.9005,id_3,"MEL_Edge_9.3 (Edge_9)",114.10309000000001,62.072,37.524,1,77.3765,0.2119999999999962,52.031090000000006,115,115,"Host#6@Cloud_1",9,1.8867924528301887
116,App_116,200.0,1.8831500000000005,1,70,"VM_7 (Cloud_1)",250.0,17.071999999999996,54.80799999999999,37.736,89.11341000000003,id_2,"MEL_Edge_204c.17 (Edge_204c)",87.23026000000003,54.80799999999999,37.524,1,51.58941000000003,0.2119999999999962,32.42226000000004,116,116,"Host#1@Cloud_1",44,3.125
117,App_117,200.0,3.7096700000000737,1,70,"VM_8 (Cloud_1)",250.0,26.1,64.048,37.948,119.58783000000004,id_5,"MEL_Edge_9.1 (Edge_9)",115.87815999999997,64.048,37.736,1,81.85183000000004,0.2120000000000033,51.830159999999964,117,117,"Host#2@Cloud_1",9,3.7037037037037037
118,App_118,200.0,3.5791600000000585,1,70,"VM_9 (Cloud_1)",250.0,26.1,64.048,37.948,119.45732000000002,id_4,"MEL_Edge_9.1 (Edge_9)",115.87815999999997,64.048,37.736,1,81.72132000000002,0.2120000000000033,51.830159999999964,118,118,"Host#3@Cloud_1",9,3.4482758620689653
119,App_119,200.0,3.4387600000000162,1,70,"VM_10 (Cloud_1)",250.0,26.04,63.988,37.948,119.28741999999998,id_6,"MEL_Edge_9.2 (Edge_9)",115.84865999999997,63.988,37.736,1,81.55142,0.2120000000000033,51.86065999999997,119,119,"Host#4@Cloud_1",9,3.3333333333333335
120,App_120,200.0,1.7616299999999967,1,70,"VM_1 (Cloud_1)",250.0,16.94399999999999,54.89199999999999,37.948,89.11026000000003,id_1,"MEL_Edge_204c.14 (Edge_204c)",87.34863000000003,54.89199999999999,37.736,1,51.37426000000003,0.2120000000000033,32.45663000000004,120,120,"Host#1@Cloud_1",44,3.225806451612903
121,App_121,200.0,2.730969999999985,1,70,"VM_2 (Cloud_1)",250.0,17.09599999999999,55.04399999999999,37.948,90.27096000000002,id_0,"MEL_Edge_204c.17 (Edge_204c)",87.53999000000003,55.04399999999999,37.736,1,52.53496000000002,0.2120000000000033,32.49599000000004,121,121,"Host#2@Cloud_1",44,3.4482758620689653
122,App_122,200.0,3.6905800000000255,1,70,"VM_3 (Cloud_1)",250.0,26.1,64.048,37.948,119.56873999999999,id_3,"MEL_Edge_9.1 (Edge_9)",115.87815999999997,64.048,37.736,1,81.83273999999999,0.2120000000000033,51.830159999999964,122,122,"Host#3@Cloud_1",9,3.5714285714285716
123,App_123,200.0,1.8451399999999865,1,70,"VM_4 (Cloud_1)",250.0,16.81199999999999,54.75999999999999,37.948,89.00226000000002,id_2,"MEL_Edge_204c.11 (Edge_204c)",87.15712000000003,54.75999999999999,37.736,1,51.266260000000024,0.2120000000000033,32.397120000000044,123,123,"Host#4@Cloud_1",44,3.0303030303030303
124,App_124,200.0,2.698369999999997,1,70,"VM_5 (Cloud_1)",250.0,26.060000000000002,64.22,38.16,118.64865999999996,id_5,"MEL_Edge_9.2 (Edge_9)",115.95028999999997,64.22,37.948,1,80.70065999999996,0.2119999999999962,51.73028999999997,124,124,"Host#5@Cloud_1",9,3.8461538461538463
125,App_125,200.0,3.201540000000051,1,70,"VM_6 (Cloud_1)",250.0,26.060000000000002,64.22,38.16,119.15183000000002,id_4,"MEL_Edge_9.2 (Edge_9)",115.95028999999997,64.22,37.948,1,81.20383000000001,0.2119999999999962,51.73028999999997,125,125,"Host#6@Cloud_1",9,4.166666666666667
126,App_126,200.0,1.031179999999992,1,70,"VM_7 (Cloud_1)",250.0,24.268,62.428,38.16,115.6485,id_6,"MEL_Edge_9.3 (Edge_9)",114.61732,62.428,37.948,1,77.70049999999999,0.2119999999999962,52.18932000000001,126,126,"Host#1@Cloud_1",9,1.9230769230769231
127,App_127,200.0,3.3130999999999915,1,70,"VM_8 (Cloud_1)",250.0,17.075999999999993,55.23599999999999,38.16,91.04678000000003,id_1,"MEL_Edge_204c.17 (Edge_204c)",87.73368000000004,55.23599999999999,37.948,1,53.098780000000026,0.2119999999999962,32.497680000000045,127,127,"Host#2@Cloud_1",44,3.8461538461538463
128,App_128,200.0,1.3000800000000083,1,70,"VM_9 (Cloud_1)",250.0,16.81199999999999,54.97199999999999,38.16,88.75306000000003,id_0,"MEL_Edge_204c.11 (Edge_204c)",87.45298000000003,54.97199999999999,37.948,1,50.80506000000003,0.2119999999999962,32.48098000000004,128,128,"Host#3@Cloud_1",44,3.3333333333333335
129,App_129,200.0,3.7435400000000385,1,70,"VM_10 (Cloud_1)",250.0,26.060000000000002,64.22,38.16,119.69383,id_3,"MEL_Edge_9.2 (Edge_9)",115.95028999999997,64.22,37.948,1,81.74583,0.2119999999999962,51.73028999999997,129,129,"Host#4@Cloud_1",9,4.0
130,App_130,200.0,1.961820000000003,1,70,"VM_1 (Cloud_1)",250.0,16.89199999999998,55.05199999999998,38.16,89.51078000000004,id_2,"MEL_Edge_204c.14 (Edge_204c)",87.54896000000004,55.05199999999998,37.948,1,51.56278000000004,0.2119999999999962,32.49696000000006,130,130,"Host#1@Cloud_1",44,3.5714285714285716
131,App_131,200.0,1.3128200000000163,1,70,"VM_2 (Cloud_1)",250.0,24.215999999999994,62.587999999999994,38.372,116.14532000000001,id_5,"MEL_Edge_9.3 (Edge_9)",114.8325,62.587999999999994,38.16,1,77.98532000000002,0.2120000000000033,52.2445,131,131,"Host#2@Cloud_1",9,2.0833333333333335
132,App_132,200.0,2.2657999999999703,1,70,"VM_3 (Cloud_1)",250.0,24.215999999999994,62.587999999999994,38.372,117.09829999999997,id_4,"MEL_Edge_9.3 (Edge_9)",114.8325,62.587999999999994,38.16,1,78.93829999999997,0.2120000000000033,52.2445,132,132,"Host#3@Cloud_1",9,2.0408163265306123
133,App_133,200.0,4.318410000000071,1,70,"VM_4 (Cloud_1)",250.0,25.935999999999993,64.30799999999999,38.372,120.29983000000004,id_6,"MEL_Edge_9.1 (Edge_9)",115.98141999999997,64.30799999999999,38.16,1,82.13983000000005,0.2120000000000033,51.67341999999998,133,133,"Host#4@Cloud_1",9,4.3478260869565215
134,App_134,200.0,2.4045400000000257,1,70,"VM_5 (Cloud_1)",250.0,16.779999999999994,55.151999999999994,38.372,90.05734000000007,id_1,"MEL_Edge_204c.11 (Edge_204c)",87.65280000000004,55.151999999999994,38.16,1,51.89734000000007,0.2120000000000033,32.50080000000005,134,134,"Host#5@Cloud_1",44,3.7037037037037037
135,App_135,200.0,1.408629999999988,1,70,"VM_6 (Cloud_1)",250.0,7.569999999999986,45.941999999999986,38.372,64.80676,id_0,"MEL_Edge_34.33 (Edge_34)",63.39813000000001,45.941999999999986,38.16,1,26.64676,0.2120000000000033,17.456130000000023,135,135,"Host#6@Cloud_1",34,9.00900900900901
136,App_136,200.0,1.3092899999999688,1,70,"VM_7 (Cloud_1)",250.0,7.359999999999985,45.731999999999985,38.372,64.58981999999997,id_3,"MEL_Edge_34.35 (Edge_34)",63.280530000000006,45.731999999999985,38.16,1,26.429819999999978,0.2120000000000033,17.54853000000002,136,136,"Host#1@Cloud_1",34,8.771929824561404
137,App_137,200.0,3.718679999999992,1,70,"VM_8 (Cloud_1)",250.0,17.023999999999994,55.395999999999994,38.372,91.58656000000002,id_2,"MEL_Edge_204c.17 (Edge_204c)",87.86788000000003,55.395999999999994,38.16,1,53.42656000000002,0.2120000000000033,32.471880000000034,137,137,"Host#2@Cloud_1",44,4.3478260869565215
138,App_138,200.0,3.579720000000023,1,70,"VM_9 (Cloud_1)",250.0,25.817999999999998,64.402,38.584,119.59245999999999,id_5,"MEL_Edge_9.1 (Edge_9)",116.01273999999997,64.402,38.372,1,81.22045999999999,0.2120000000000033,51.610739999999964,138,138,"Host#3@Cloud_1",9,5.0
139,App_139,200.0,3.7744800000000396,1,70,"VM_10 (Cloud_1)",250.0,25.817999999999998,64.402,38.584,119.78722,id_4,"MEL_Edge_9.1 (Edge_9)",116.01273999999997,64.402,38.372,1,81.41522,0.2120000000000033,51.610739999999964,139,139,"Host#4@Cloud_1",9,4.545454545454546
140,App_140,200.0,3.10296000000001,1,70,"VM_1 (Cloud_1)",250.0,25.900000000000006,64.48400000000001,38.584,119.13828999999997,id_6,"MEL_Edge_9.2 (Edge_9)",116.03532999999996,64.48400000000001,38.372,1,80.76628999999997,0.2120000000000033,51.55132999999995,140,140,"Host#1@Cloud_1",9,5.2631578947368425
141,App_141,200.0,3.5160800000000023,1,70,"VM_2 (Cloud_1)",250.0,16.72799999999998,55.31199999999998,38.584,91.31734000000003,id_1,"MEL_Edge_204c.14 (Edge_204c)",87.80126000000003,55.31199999999998,38.372,1,52.94534000000003,0.2120000000000033,32.489260000000044,141,141,"Host#2@Cloud_1",44,4.166666666666667
142,App_142,200.0,1.5104699999999838,1,70,"VM_3 (Cloud_1)",250.0,16.951999999999984,55.53599999999999,38.584,89.46388000000002,id_0,"MEL_Edge_204c.17 (Edge_204c)",87.95341000000003,55.53599999999999,38.372,1,51.09188000000002,0.2120000000000033,32.41741000000005,142,142,"Host#3@Cloud_1",44,5.555555555555555
143,App_143,200.0,4.309920000000005,1,70,"VM_4 (Cloud_1)",250.0,25.817999999999998,64.402,38.584,120.32265999999997,id_3,"MEL_Edge_9.1 (Edge_9)",116.01273999999997,64.402,38.372,1,81.95065999999997,0.2120000000000033,51.610739999999964,143,143,"Host#4@Cloud_1",9,4.761904761904762
144,App_144,200.0,2.406120000000044,1,70,"VM_5 (Cloud_1)",250.0,16.703999999999986,55.28799999999999,38.584,90.18680000000008,id_2,"MEL_Edge_204c.11 (Edge_204c)",87.78068000000003,55.28799999999999,38.372,1,51.814800000000076,0.2120000000000033,32.49268000000004,144,144,"Host#5@Cloud_1",44,4.0
145,App_145,200.0,3.24242000000001,1,70,"VM_6 (Cloud_1)",250.0,25.808,64.604,38.796,119.30673999999998,id_5,"MEL_Edge_9.2 (Edge_9)",116.06431999999997,64.604,38.584,1,80.72273999999997,0.2119999999999962,51.46031999999997,145,145,"Host#6@Cloud_1",9,7.6923076923076925
146,App_146,200.0,2.535510000000059,1,70,"VM_7 (Cloud_1)",250.0,25.808,64.604,38.796,118.59983000000003,id_4,"MEL_Edge_9.2 (Edge_9)",116.06431999999997,64.604,38.584,1,80.01583000000002,0.2119999999999962,51.46031999999997,146,146,"Host#1@Cloud_1",9,6.666666666666667
147,App_147,200.0,3.6475699999999733,1,70,"VM_8 (Cloud_1)",250.0,24.02799999999999,62.82399999999999,38.796,118.72865999999996,id_6,"MEL_Edge_9.3 (Edge_9)",115.08108999999999,62.82399999999999,38.584,1,80.14465999999996,0.2119999999999962,52.25709,147,147,"Host#2@Cloud_1",9,2.2222222222222223
148,App_148,200.0,1.8409100000000223,1,70,"VM_9 (Cloud_1)",250.0,16.835999999999977,55.63199999999998,38.796,89.83478000000005,id_1,"MEL_Edge_204c.17 (Edge_204c)",87.99387000000003,55.63199999999998,38.584,1,51.25078000000005,0.2119999999999962,32.36187000000005,148,148,"Host#3@Cloud_1",44,7.6923076923076925
149,App_149,200.0,2.765060000000048,1,70,"VM_10 (Cloud_1)",250.0,16.60799999999999,55.40399999999999,38.796,90.63880000000007,id_0,"MEL_Edge_204c.11 (Edge_204c)",87.87374000000003,55.40399999999999,38.584,1,52.05480000000007,0.2119999999999962,32.46974000000004,149,149,"Host#4@Cloud_1",44,4.545454545454546
150,App_150,200.0,3.1555100000000493,1,70,"VM_1 (Cloud_1)",250.0,25.808,64.604,38.796,119.21983000000002,id_3,"MEL_Edge_9.2 (Edge_9)",116.06431999999997,64.604,38.584,1,80.63583000000001,0.2119999999999962,51.46031999999997,150,150,"Host#1@Cloud_1",9,7.142857142857143
151,App_151,200.0,3.5583799999999997,1,70,"VM_2 (Cloud_1)",250.0,16.62399999999998,55.41999999999998,38.796,91.44296000000003,id_2,"MEL_Edge_204c.14 (Edge_204c)",87.88458000000003,55.41999999999998,38.584,1,52.858960000000025,0.2119999999999962,32.46458000000005,151,151,"Host#2@Cloud_1",44,4.761904761904762
152,App_152,200.0,3.691420000000008,1,70,"VM_3 (Cloud_1)",250.0,23.923999999999992,62.931999999999995,39.008,118.88051999999999,id_5,"MEL_Edge_9.3 (Edge_9)",115.18909999999998,62.931999999999995,38.796,1,80.08451999999998,0.2120000000000033,52.25709999999999,152,152,"Host#3@Cloud_1",9,2.380952380952381
153,App_153,200.0,3.589189999999988,1,70,"VM_4 (Cloud_1)",250.0,23.923999999999992,62.931999999999995,39.008,118.77828999999997,id_4,"MEL_Edge_9.3 (Edge_9)",115.18909999999998,62.931999999999995,38.796,1,79.98228999999996,0.2120000000000033,52.25709999999999,153,153,"Host#4@Cloud_1",9,2.272727272727273
154,App_154,200.0,2.6963900000000365,1,70,"VM_5 (Cloud_1)",250.0,25.684000000000005,64.69200000000001,39.008,118.77183000000002,id_7,"MEL_Edge_9.2 (Edge_9)",116.07543999999999,64.69200000000001,38.796,1,79.97583000000003,0.2120000000000033,51.38343999999998,154,154,"Host#5@Cloud_1",9,12.5
155,App_155,200.0,3.24616000000006,1,70,"VM_6 (Cloud_1)",250.0,25.522,64.53,39.008,119.29332000000002,id_6,"MEL_Edge_9.1 (Edge_9)",116.04715999999996,64.53,38.796,1,80.49732000000003,0.2120000000000033,51.51715999999996,155,155,"Host#6@Cloud_1",9,5.555555555555555
156,App_156,200.0,1.9481000000000108,1,70,"VM_7 (Cloud_1)",250.0,16.48399999999998,55.49199999999998,39.008,89.87768000000004,id_1,"MEL_Edge_204c.11 (Edge_204c)",87.92958000000003,55.49199999999998,38.796,1,51.08168000000004,0.2120000000000033,32.43758000000005,156,156,"Host#1@Cloud_1",44,5.0
157,App_157,200.0,3.748580000000004,1,70,"VM_8 (Cloud_1)",250.0,16.495999999999988,55.50399999999999,39.008,91.68506000000004,id_0,"MEL_Edge_204c.14 (Edge_204c)",87.93648000000003,55.50399999999999,38.796,1,52.889060000000036,0.2120000000000033,32.43248000000004,157,157,"Host#2@Cloud_1",44,5.2631578947368425
158,App_158,200.0,2.891939999999977,1,70,"VM_9 (Cloud_1)",250.0,23.923999999999992,62.931999999999995,39.008,118.08103999999996,id_3,"MEL_Edge_9.3 (Edge_9)",115.18909999999998,62.931999999999995,38.796,1,79.28503999999995,0.2120000000000033,52.25709999999999,158,158,"Host#3@Cloud_1",9,2.3255813953488373
159,App_159,200.0,3.035809999999998,1,70,"VM_10 (Cloud_1)",250.0,16.70799999999997,55.71599999999997,39.008,91.04915000000003,id_2,"MEL_Edge_204c.17 (Edge_204c)",88.01334000000003,55.71599999999997,38.796,1,52.253150000000026,0.2120000000000033,32.297340000000055,159,159,"Host#4@Cloud_1",44,12.195121951219512
160,App_160,200.0,3.15548000000004,1,70,"VM_1 (Cloud_1)",250.0,25.36800000000001,64.58800000000001,39.22,119.21652,id_5,"MEL_Edge_9.1 (Edge_9)",116.06103999999996,64.58800000000001,39.008,1,80.20852,0.2119999999999962,51.473039999999955,160,160,"Host#1@Cloud_1",9,6.25
161,App_161,200.0,1.2271800000000326,1,70,"VM_2 (Cloud_1)",250.0,25.36800000000001,64.58800000000001,39.22,117.28822,id_4,"MEL_Edge_9.1 (Edge_9)",116.06103999999996,64.58800000000001,39.008,1,78.28021999999999,0.2119999999999962,51.473039999999955,161,161,"Host#2@Cloud_1",9,5.882352941176471
162,App_162,200.0,3.741370000000032,1,70,"VM_3 (Cloud_1)",250.0,23.76399999999999,62.98399999999999,39.22,118.97583000000002,id_7,"MEL_Edge_9.3 (Edge_9)",115.23445999999998,62.98399999999999,39.008,1,79.96783,0.2119999999999962,52.25046,162,162,"Host#3@Cloud_1",9,2.4390243902439024
163,App_163,200.0,4.269560000000027,1,70,"VM_4 (Cloud_1)",250.0,25.52800000000002,64.74800000000002,39.22,120.34983000000001,id_6,"MEL_Edge_9.2 (Edge_9)",116.08026999999998,64.74800000000002,39.008,1,81.34183,0.2119999999999962,51.332269999999966,163,163,"Host#4@Cloud_1",9,14.285714285714286
164,App_164,200.0,2.2767000000000195,1,70,"VM_5 (Cloud_1)",250.0,16.351999999999983,55.57199999999998,39.22,90.24726000000004,id_1,"MEL_Edge_204c.14 (Edge_204c)",87.97056000000002,55.57199999999998,39.008,1,51.23926000000004,0.2119999999999962,32.39856000000004,164,164,"Host#5@Cloud_1",44,6.25
165,App_165,200.0,1.5565200000000203,1,70,"VM_6 (Cloud_1)",250.0,16.567999999999984,55.78799999999998,39.22,89.58226000000005,id_0,"MEL_Edge_204c.17 (Edge_204c)",88.02574000000003,55.78799999999998,39.008,1,50.574260000000045,0.2119999999999962,32.237740000000045,165,165,"Host#6@Cloud_1",44,12.345679012345679
166,App_166,200.0,0.7960200000000057,1,70,"VM_7 (Cloud_1)",250.0,1.3599999999999994,40.58,39.22,44.05787000000001,id_3,"MEL_Edge_12.4 (Edge_12)",43.26185,40.58,39.008,1,5.049870000000006,0.2119999999999962,2.6818500000000043,166,166,"Host#1@Cloud_1",12,20.0
167,App_167,200.0,3.7399600000000106,1,70,"VM_8 (Cloud_1)",250.0,16.34399999999998,55.56399999999998,39.22,91.70696000000004,id_2,"MEL_Edge_204c.11 (Edge_204c)",87.96700000000003,55.56399999999998,39.008,1,52.698960000000035,0.2119999999999962,32.40300000000005,167,167,"Host#2@Cloud_1",44,5.882352941176471
168,App_168,200.0,3.543610000000058,1,70,"VM_9 (Cloud_1)",250.0,25.370000000000005,64.802,39.432,119.62783000000005,id_5,"MEL_Edge_9.2 (Edge_9)",116.08421999999999,64.802,39.22,1,80.40783000000005,0.2120000000000033,51.28221999999998,168,168,"Host#3@Cloud_1",9,16.666666666666668
169,App_169,200.0,3.7456100000000134,1,70,"VM_10 (Cloud_1)",250.0,25.370000000000005,64.802,39.432,119.82983,id_4,"MEL_Edge_9.2 (Edge_9)",116.08421999999999,64.802,39.22,1,80.60983,0.2120000000000033,51.28221999999998,169,169,"Host#4@Cloud_1",9,20.0
170,App_170,200.0,3.153700000000015,1,70,"VM_1 (Cloud_1)",250.0,25.186000000000007,64.61800000000001,39.432,119.22021999999998,id_7,"MEL_Edge_9.1 (Edge_9)",116.06651999999997,64.61800000000001,39.22,1,80.00021999999998,0.2120000000000033,51.44851999999996,170,170,"Host#1@Cloud_1",9,8.333333333333334
171,App_171,200.0,1.6201899999999938,1,70,"VM_2 (Cloud_1)",250.0,23.599999999999987,63.03199999999999,39.432,116.89465999999997,id_6,"MEL_Edge_9.3 (Edge_9)",115.27446999999998,63.03199999999999,39.22,1,77.67465999999997,0.2120000000000033,52.24246999999999,171,171,"Host#2@Cloud_1",9,2.5
172,App_172,200.0,1.5105000000000075,1,70,"VM_3 (Cloud_1)",250.0,16.411999999999964,55.843999999999966,39.432,89.54558000000003,id_1,"MEL_Edge_204c.17 (Edge_204c)",88.03508000000002,55.843999999999966,39.22,1,50.32558000000003,0.2120000000000033,32.191080000000056,172,172,"Host#3@Cloud_1",44,12.5
173,App_173,200.0,1.9129400000000345,1,70,"VM_4 (Cloud_1)",250.0,16.183999999999976,55.61599999999998,39.432,89.90134000000006,id_0,"MEL_Edge_204c.11 (Edge_204c)",87.98840000000003,55.61599999999998,39.22,1,50.68134000000006,0.2120000000000033,32.37240000000005,173,173,"Host#4@Cloud_1",44,6.666666666666667
174,App_174,200.0,0.7960100000000025,1,70,"VM_5 (Cloud_1)",250.0,1.3639999999999972,40.796,39.432,44.54191000000001,id_3,"MEL_Edge_12.5 (Edge_12)",43.745900000000006,40.796,39.22,1,5.32191000000001,0.2120000000000033,2.9499000000000066,174,174,"Host#5@Cloud_1",12,33.333333333333336
175,App_175,200.0,1.5563899999999933,1,70,"VM_6 (Cloud_1)",250.0,16.18799999999998,55.61999999999998,39.432,89.54626000000002,id_2,"MEL_Edge_204c.14 (Edge_204c)",87.98987000000002,55.61999999999998,39.22,1,50.32626000000002,0.2120000000000033,32.36987000000004,175,175,"Host#6@Cloud_1",44,7.142857142857143
176,App_176,200.0,2.9567900000000407,1,70,"VM_7 (Cloud_1)",250.0,23.42799999999999,63.07199999999999,39.644,118.26309000000002,id_5,"MEL_Edge_9.3 (Edge_9)",115.30629999999998,63.07199999999999,39.432,1,78.83109000000002,0.2119999999999962,52.23429999999999,176,176,"Host#1@Cloud_1",9,2.6315789473684212
177,App_177,200.0,3.8751199999999955,1,70,"VM_8 (Cloud_1)",250.0,23.42799999999999,63.07199999999999,39.644,119.18141999999997,id_4,"MEL_Edge_9.3 (Edge_9)",115.30629999999998,63.07199999999999,39.432,1,79.74941999999997,0.2119999999999962,52.23429999999999,177,177,"Host#2@Cloud_1",9,2.5641025641025643
178,App_178,200.0,3.5426300000000026,1,70,"VM_9 (Cloud_1)",250.0,25.192,64.836,39.644,119.62845999999999,id_7,"MEL_Edge_9.2 (Edge_9)",116.08582999999999,64.836,39.432,1,80.19645999999999,0.2119999999999962,51.24982999999999,178,178,"Host#3@Cloud_1",9,25.0
179,App_179,200.0,3.755890000000065,1,70,"VM_10 (Cloud_1)",250.0,24.99800000000001,64.64200000000001,39.644,119.82583000000004,id_6,"MEL_Edge_9.1 (Edge_9)",116.06993999999997,64.64200000000001,39.432,1,80.39383000000004,0.2119999999999962,51.427939999999964,179,179,"Host#4@Cloud_1",9,9.090909090909092
180,App_180,200.0,1.735740000000007,1,70,"VM_1 (Cloud_1)",250.0,16.011999999999972,55.65599999999997,39.644,89.73680000000003,id_1,"MEL_Edge_204c.11 (Edge_204c)",88.00106000000002,55.65599999999997,39.432,1,50.30480000000003,0.2119999999999962,32.34506000000005,180,180,"Host#1@Cloud_1",44,8.333333333333334
181,App_181,200.0,3.5200000000000102,1,70,"VM_2 (Cloud_1)",250.0,16.011999999999972,55.65599999999997,39.644,91.52106000000003,id_0,"MEL_Edge_204c.14 (Edge_204c)",88.00106000000002,55.65599999999997,39.432,1,52.08906000000003,0.2119999999999962,32.34506000000005,181,181,"Host#2@Cloud_1",44,9.090909090909092
182,App_182,200.0,0.7960100000000025,1,70,"VM_3 (Cloud_1)",250.0,1.0,40.644,39.644,44.313900000000004,id_3,"MEL_Edge_12.6 (Edge_12)",43.51789,40.644,39.432,1,4.881900000000002,0.2119999999999962,2.873890000000003,182,182,"Host#3@Cloud_1",12,25.0
183,App_183,200.0,1.8873700000000042,1,70,"VM_4 (Cloud_1)",250.0,16.227999999999987,55.871999999999986,39.644,89.92696000000002,id_2,"MEL_Edge_204c.17 (Edge_204c)",88.03959000000002,55.871999999999986,39.432,1,50.49496000000002,0.2119999999999962,32.16759000000003,183,183,"Host#4@Cloud_1",44,12.658227848101266
184,App_184,200.0,2.698280000000011,1,70,"VM_5 (Cloud_1)",250.0,24.80400000000001,64.66000000000001,39.856,118.77051999999999,id_5,"MEL_Edge_9.1 (Edge_9)",116.07223999999998,64.66000000000001,39.644,1,79.12652,0.2120000000000033,51.41223999999997,184,184,"Host#5@Cloud_1",9,10.0
185,App_185,200.0,3.236220000000003,1,70,"VM_6 (Cloud_1)",250.0,24.80400000000001,64.66000000000001,39.856,119.30845999999998,id_4,"MEL_Edge_9.1 (Edge_9)",116.07223999999998,64.66000000000001,39.644,1,79.66445999999999,0.2120000000000033,51.41223999999997,185,185,"Host#6@Cloud_1",9,11.11111111111111
186,App_186,200.0,2.9645400000000137,1,70,"VM_7 (Cloud_1)",250.0,23.231999999999992,63.087999999999994,39.856,118.28245999999999,id_7,"MEL_Edge_9.3 (Edge_9)",115.31791999999997,63.087999999999994,39.644,1,78.63846,0.2120000000000033,52.22991999999998,186,186,"Host#1@Cloud_1",9,2.7027027027027026
187,App_187,200.0,3.5430000000000206,1,70,"VM_8 (Cloud_1)",250.0,25.004000000000026,64.86000000000003,39.856,119.62983000000001,id_6,"MEL_Edge_9.2 (Edge_9)",116.08682999999999,64.86000000000003,39.644,1,79.98583,0.2120000000000033,51.226829999999964,187,187,"Host#2@Cloud_1",9,33.333333333333336
188,App_188,200.0,1.8344799999999992,1,70,"VM_9 (Cloud_1)",250.0,15.823999999999977,55.67999999999998,39.856,89.84126000000002,id_1,"MEL_Edge_204c.14 (Edge_204c)",88.00678000000002,55.67999999999998,39.644,1,50.19726000000002,0.2120000000000033,32.32678000000004,188,188,"Host#3@Cloud_1",44,11.11111111111111
189,App_189,200.0,3.018000000000015,1,70,"VM_10 (Cloud_1)",250.0,16.039999999999985,55.89599999999999,39.856,91.06134000000003,id_0,"MEL_Edge_204c.17 (Edge_204c)",88.04334000000001,55.89599999999999,39.644,1,51.41734000000003,0.2120000000000033,32.14734000000003,189,189,"Host#4@Cloud_1",44,12.820512820512821
190,App_190,200.0,0.7960099999999954,1,70,"VM_1 (Cloud_1)",250.0,1.3599999999999994,41.216,39.856,44.8219,id_3,"MEL_Edge_12.4 (Edge_12)",44.025890000000004,41.216,39.644,1,5.177900000000001,0.2120000000000033,2.809890000000003,190,190,"Host#1@Cloud_1",12,50.0
191,App_191,200.0,3.5157800000000066,1,70,"VM_2 (Cloud_1)",250.0,15.823999999999977,55.67999999999998,39.856,91.52256000000003,id_2,"MEL_Edge_204c.11 (Edge_204c)",88.00678000000002,55.67999999999998,39.644,1,51.87856000000003,0.2120000000000033,32.32678000000004,191,191,"Host#2@Cloud_1",44,10.0
192,App_192,200.0,3.5226300000000066,1,70,"VM_3 (Cloud_1)",250.0,24.809999999999995,64.878,40.068000000000005,119.61046,id_5,"MEL_Edge_9.2 (Edge_9)",116.08783,64.878,39.856,1,79.75446000000001,0.2120000000000033,51.20983,192,192,"Host#3@Cloud_1",9,50.0
193,App_193,200.0,4.266829999999985,1,70,"VM_4 (Cloud_1)",250.0,24.809999999999995,64.878,40.068000000000005,120.35465999999998,id_4,"MEL_Edge_9.2 (Edge_9)",116.08783,64.878,39.856,1,80.49865999999999,0.2120000000000033,51.20983,193,193,"Host#4@Cloud_1",9,100.0
194,App_194,200.0,1.3307399999999987,1,70,"VM_5 (Cloud_1)",250.0,6.657999999999987,46.72599999999999,40.068000000000005,65.08691,id_7,"MEL_Edge_34.31 (Edge_34)",63.756170000000004,46.72599999999999,39.856,1,25.23091,0.2120000000000033,17.030170000000012,194,194,"Host#5@Cloud_1",34,9.174311926605505
195,App_195,200.0,1.321980000000039,1,70,"VM_6 (Cloud_1)",250.0,23.029999999999994,63.098,40.068000000000005,116.64683000000001,id_6,"MEL_Edge_9.3 (Edge_9)",115.32484999999997,63.098,39.856,1,76.79083000000001,0.2120000000000033,52.22684999999997,195,195,"Host#6@Cloud_1",9,2.7777777777777777
196,App_196,200.0,1.892190000000042,1,70,"VM_7 (Cloud_1)",250.0,15.839999999999975,55.90799999999998,40.068000000000005,89.93734000000006,id_1,"MEL_Edge_204c.17 (Edge_204c)",88.04515000000002,55.90799999999998,39.856,1,50.08134000000006,0.2120000000000033,32.13715000000004,196,196,"Host#1@Cloud_1",44,12.987012987012987
197,App_197,200.0,3.709990000000019,1,70,"VM_8 (Cloud_1)",250.0,15.623999999999967,55.69199999999997,40.068000000000005,91.71906000000004,id_0,"MEL_Edge_204c.11 (Edge_204c)",88.00907000000002,55.69199999999997,39.856,1,51.86306000000004,0.2120000000000033,32.31707000000005,197,197,"Host#2@Cloud_1",44,12.048192771084338
198,App_198,200.0,0.7979500000000002,1,70,"VM_9 (Cloud_1)",250.0,1.3639999999999972,41.432,40.068000000000005,44.87785,id_3,"MEL_Edge_12.5 (Edge_12)",44.0799,41.432,39.856,1,5.021850000000001,0.2120000000000033,2.6479,198,198,"Host#3@Cloud_1",12,100.0
199,App_199,200.0,3.037710000000004,1,70,"VM_10 (Cloud_1)",250.0,15.623999999999967,55.69199999999997,40.068000000000005,91.04678000000003,id_2,"MEL_Edge_204c.14 (Edge_204c)",88.00907000000002,55.69199999999997,39.856,1,51.190780000000025,0.2120000000000033,32.31707000000005,199,199,"Host#4@Cloud_1",44,11.904761904761905
