App_Name,EndTime,"IoTDeviceBatteryConsumption",IoTDeviceDrained,SimulationTime,StartTime,TotalCloudLetSizes,TotalEdgeLetSizes,TotalIoTGeneratedData,TotalMELGeneratedData,appTotalRunningTime
App_1,19.07893,1.0100000000000051,No,8.90293,10.176,200,250,1,70,8.90293
App_2,19.56217,1.0100000000000051,No,9.174169999999998,10.388,200,250,1,70,9.174169999999998
App_3,18.50218,2.0300000000000153,No,8.11418,10.388,200,250,1,70,8.11418
App_4,19.248179999999998,2.0300000000000153,No,8.648179999999998,10.6,200,250,1,70,8.648179999999998
App_5,16.292089999999998,3.0500000000000256,No,5.6920899999999985,10.6,200,250,1,70,5.6920899999999985
App_6,17.98617,3.0500000000000256,No,7.174170000000002,10.812,200,250,1,70,7.174170000000002
App_7,19.68393,4.070000000000036,No,8.87193,10.812,200,250,1,70,8.87193
App_8,19.69417,4.070000000000036,No,8.67017,11.024,200,250,1,70,8.67017
App_9,19.417789999999997,5.090000000000046,No,8.393789999999997,11.024,200,250,1,70,8.393789999999997
App_10,86.27231,1.0100000000000051,No,51.71631000000001,34.556,200,250,1,70,51.71631000000001
App_11,86.27231,1.0100000000000051,No,51.71631000000001,34.556,200,250,1,70,51.71631000000001
App_12,86.98282000000003,1.0100000000000051,No,52.426820000000035,34.556,200,250,1,70,52.426820000000035
App_13,86.27231,1.0100000000000051,No,51.71631000000001,34.556,200,250,1,70,51.71631000000001
App_14,42.51197,5.090000000000046,No,7.955970000000001,34.556,200,250,1,70,7.955970000000001
App_15,39.43599999999999,6.110000000000056,No,4.8799999999999955,34.556,200,250,1,70,4.8799999999999955
App_16,41.56797,1.0100000000000051,No,7.011970000000005,34.556,200,250,1,70,7.011970000000005
App_17,39.41199999999999,1.0100000000000051,No,4.8559999999999945,34.556,200,250,1,70,4.8559999999999945
App_18,80.47193000000001,3.0500000000000256,No,45.703930000000014,34.768,200,250,1,70,45.703930000000014
App_19,80.47193000000001,3.0500000000000256,No,45.703930000000014,34.768,200,250,1,70,45.703930000000014
App_20,80.47193000000001,3.0500000000000256,No,45.703930000000014,34.768,200,250,1,70,45.703930000000014
App_21,80.47193000000001,3.0500000000000256,No,45.703930000000014,34.768,200,250,1,70,45.703930000000014
App_22,42.19597999999999,7.1300000000000665,No,7.427979999999991,34.768,200,250,1,70,7.427979999999991
App_23,44.8039,8.150000000000077,No,10.035899999999998,34.768,200,250,1,70,10.035899999999998
App_24,42.36397999999999,3.0500000000000256,No,7.59597999999999,34.768,200,250,1,70,7.59597999999999
App_25,46.080069999999985,3.0500000000000256,No,11.312069999999984,34.768,200,250,1,70,11.312069999999984
App_26,68.80725999999999,3.0400000000000205,No,33.82725999999999,34.98,200,250,1,70,33.82725999999999
App_27,68.80725999999999,3.0400000000000205,No,33.82725999999999,34.98,200,250,1,70,33.82725999999999
App_28,68.80725999999999,3.0400000000000205,No,33.82725999999999,34.98,200,250,1,70,33.82725999999999
App_29,68.80725999999999,3.0400000000000205,No,33.82725999999999,34.98,200,250,1,70,33.82725999999999
App_30,47.91961999999999,7.120000000000061,No,12.93961999999999,34.98,200,250,1,70,12.93961999999999
App_31,44.76189,8.140000000000072,No,9.781890000000004,34.98,200,250,1,70,9.781890000000004
App_32,45.83192999999998,3.0400000000000205,No,10.851929999999982,34.98,200,250,1,70,10.851929999999982
App_33,46.69876999999998,3.0400000000000205,No,11.718769999999985,34.98,200,250,1,70,11.718769999999985
App_34,109.55040000000001,4.070000000000036,No,74.35840000000002,35.192,200,250,1,70,74.35840000000002
App_35,109.55040000000001,4.070000000000036,No,74.35840000000002,35.192,200,250,1,70,74.35840000000002
App_36,109.55040000000001,4.070000000000036,No,74.35840000000002,35.192,200,250,1,70,74.35840000000002
App_37,109.55040000000001,4.070000000000036,No,74.35840000000002,35.192,200,250,1,70,74.35840000000002
App_38,51.520250000000004,8.150000000000077,No,16.328250000000004,35.192,200,250,1,70,16.328250000000004
App_39,53.414970000000004,9.170000000000087,No,18.222970000000004,35.192,200,250,1,70,18.222970000000004
App_40,58.68979999999998,4.070000000000036,No,23.497799999999977,35.192,200,250,1,70,23.497799999999977
App_41,50.335179999999994,4.070000000000036,No,15.143179999999994,35.192,200,250,1,70,15.143179999999994
App_42,107.37258000000001,6.110000000000056,No,71.96858,35.404,200,250,1,70,71.96858
App_43,107.37258000000001,6.110000000000056,No,71.96858,35.404,200,250,1,70,71.96858
App_44,107.37258000000001,6.110000000000056,No,71.96858,35.404,200,250,1,70,71.96858
App_45,52.0634,10.190000000000097,No,16.659399999999998,35.404,200,250,1,70,16.659399999999998
App_46,61.73038,11.210000000000107,No,26.326379999999993,35.404,200,250,1,70,26.326379999999993
App_47,57.544379999999975,6.110000000000056,No,22.140379999999972,35.404,200,250,1,70,22.140379999999972
App_48,54.237320000000004,6.110000000000056,No,18.83332,35.404,200,250,1,70,18.83332
App_49,102.31125000000002,6.100000000000051,No,66.69525000000002,35.616,200,250,1,70,66.69525000000002
App_50,102.31125000000002,6.100000000000051,No,66.69525000000002,35.616,200,250,1,70,66.69525000000002
App_51,102.31125000000002,6.100000000000051,No,66.69525000000002,35.616,200,250,1,70,66.69525000000002
App_52,57.15774999999998,10.180000000000092,No,21.54174999999998,35.616,200,250,1,70,21.54174999999998
App_53,60.61059999999999,11.200000000000102,No,24.99459999999999,35.616,200,250,1,70,24.99459999999999
App_54,60.40184,6.100000000000051,No,24.78584,35.616,200,250,1,70,24.78584
App_55,56.07094999999999,6.100000000000051,No,20.45494999999999,35.616,200,250,1,70,20.45494999999999
App_56,113.95922000000002,8.150000000000077,No,78.13122000000001,35.828,200,250,1,70,78.13122000000001
App_57,113.95922000000002,8.150000000000077,No,78.13122000000001,35.828,200,250,1,70,78.13122000000001
App_58,113.95922000000002,8.150000000000077,No,78.13122000000001,35.828,200,250,1,70,78.13122000000001
App_59,71.51944999999999,12.230000000000118,No,35.69144999999999,35.828,200,250,1,70,35.69144999999999
App_60,61.8452,13.250000000000128,No,26.017199999999995,35.828,200,250,1,70,26.017199999999995
App_61,64.28205,8.150000000000077,No,28.454049999999995,35.828,200,250,1,70,28.454049999999995
App_62,66.77600000000002,8.150000000000077,No,30.94800000000002,35.828,200,250,1,70,30.94800000000002
App_63,113.50307000000001,8.140000000000072,No,77.46307000000002,36.04,200,250,1,70,77.46307000000002
App_64,113.50307000000001,8.140000000000072,No,77.46307000000002,36.04,200,250,1,70,77.46307000000002
App_65,113.50307000000001,8.140000000000072,No,77.46307000000002,36.04,200,250,1,70,77.46307000000002
App_66,74.85153,12.220000000000113,No,38.81153,36.04,200,250,1,70,38.81153
App_67,65.38017,13.240000000000123,No,29.340170000000008,36.04,200,250,1,70,29.340170000000008
App_68,62.934760000000004,8.140000000000072,No,26.894760000000005,36.04,200,250,1,70,26.894760000000005
App_69,77.5716,8.140000000000072,No,41.531600000000005,36.04,200,250,1,70,41.531600000000005
App_70,110.49843000000001,10.190000000000097,No,74.24643,36.252,200,250,1,70,74.24643
App_71,110.49843000000001,10.190000000000097,No,74.24643,36.252,200,250,1,70,74.24643
App_72,110.49843000000001,9.170000000000087,No,74.24643,36.252,200,250,1,70,74.24643
App_73,79.01993000000002,14.270000000000138,No,42.767930000000014,36.252,200,250,1,70,42.767930000000014
App_74,63.982910000000004,15.290000000000148,No,27.73091,36.252,200,250,1,70,27.73091
App_75,63.15515999999999,10.190000000000097,No,26.903159999999986,36.252,200,250,1,70,26.903159999999986
App_76,79.70988000000001,10.190000000000097,No,43.45788000000001,36.252,200,250,1,70,43.45788000000001
App_77,117.58422,10.180000000000092,No,81.12022,36.464,200,250,1,70,81.12022
App_78,116.38683,10.180000000000092,No,79.92283,36.464,200,250,1,70,79.92283
App_79,83.12718,14.260000000000133,No,46.66318,36.464,200,250,1,70,46.66318
App_80,63.87268000000001,15.280000000000143,No,27.40868000000001,36.464,200,250,1,70,27.40868000000001
App_81,65.97733999999998,10.180000000000092,No,29.513339999999985,36.464,200,250,1,70,29.513339999999985
App_82,81.77198,10.180000000000092,No,45.30798,36.464,200,250,1,70,45.30798
App_83,116.31332000000002,12.230000000000118,No,79.63732000000002,36.676,200,250,1,70,79.63732000000002
App_84,115.57332000000001,12.230000000000118,No,78.89732000000001,36.676,200,250,1,70,78.89732000000001
App_85,84.453,16.31000000000016,No,47.777,36.676,200,250,1,70,47.777
App_86,64.87289,17.33000000000017,No,28.196889999999996,36.676,200,250,1,70,28.196889999999996
App_87,65.24356,12.230000000000118,No,28.56756,36.676,200,250,1,70,28.56756
App_88,84.76533,12.230000000000118,No,48.089330000000004,36.676,200,250,1,70,48.089330000000004
App_89,113.37078000000001,12.220000000000113,No,76.48278000000002,36.888,200,250,1,70,76.48278000000002
App_90,113.37078000000001,12.220000000000113,No,76.48278000000002,36.888,200,250,1,70,76.48278000000002
App_91,66.09838000000002,10.190000000000097,No,29.210380000000022,36.888,200,250,1,70,29.210380000000022
App_92,85.16255000000002,16.300000000000153,No,48.274550000000026,36.888,200,250,1,70,48.274550000000026
App_93,64.07405,17.320000000000164,No,27.18605,36.888,200,250,1,70,27.18605
App_94,64.74981999999999,12.220000000000113,No,27.861819999999987,36.888,200,250,1,70,27.861819999999987
App_95,85.85102000000003,12.220000000000113,No,48.963020000000036,36.888,200,250,1,70,48.963020000000036
App_96,118.43673999999997,14.270000000000138,No,81.33673999999996,37.1,200,250,1,70,81.33673999999996
App_97,119.42473999999999,14.270000000000138,No,82.32473999999999,37.1,200,250,1,70,82.32473999999999
App_98,64.89689,12.230000000000118,No,27.796889999999998,37.1,200,250,1,70,27.796889999999998
App_99,86.89245000000004,18.35000000000018,No,49.79245000000004,37.1,200,250,1,70,49.79245000000004
App_100,64.31781999999997,19.37000000000019,No,27.217819999999968,37.1,200,250,1,70,27.217819999999968
App_101,66.11076000000001,14.270000000000138,No,29.010760000000012,37.1,200,250,1,70,29.010760000000012
App_102,86.89855000000001,14.270000000000138,No,49.79855000000001,37.1,200,250,1,70,49.79855000000001
App_103,119.77383,14.260000000000133,No,82.46183,37.312,200,250,1,70,82.46183
App_104,117.56022,14.260000000000133,No,80.24822,37.312,200,250,1,70,80.24822
App_105,64.62276,12.220000000000113,No,27.310760000000002,37.312,200,250,1,70,27.310760000000002
App_106,87.86445000000005,18.340000000000174,No,50.55245000000005,37.312,200,250,1,70,50.55245000000005
App_107,65.58037,19.360000000000184,No,28.268370000000004,37.312,200,250,1,70,28.268370000000004
App_108,64.92133999999997,14.260000000000133,No,27.609339999999975,37.312,200,250,1,70,27.609339999999975
App_109,87.55855000000003,14.260000000000133,No,50.24655000000003,37.312,200,250,1,70,50.24655000000003
App_110,114.9005,16.31000000000016,No,77.3765,37.524,200,250,1,70,77.3765
App_111,114.96683999999999,16.31000000000016,No,77.44283999999999,37.524,200,250,1,70,77.44283999999999
App_112,119.52045999999999,14.270000000000138,No,81.99645999999998,37.524,200,250,1,70,81.99645999999998
App_113,87.92045000000005,20.3900000000002,No,50.396450000000044,37.524,200,250,1,70,50.396450000000044
App_114,88.26734000000002,21.41000000000021,No,50.74334000000002,37.524,200,250,1,70,50.74334000000002
App_115,114.9005,16.31000000000016,No,77.3765,37.524,200,250,1,70,77.3765
App_116,89.11341000000003,16.31000000000016,No,51.58941000000003,37.524,200,250,1,70,51.58941000000003
App_117,119.58783000000004,16.300000000000153,No,81.85183000000004,37.736,200,250,1,70,81.85183000000004
App_118,119.45732000000002,16.300000000000153,No,81.72132000000002,37.736,200,250,1,70,81.72132000000002
App_119,119.28741999999998,14.260000000000133,No,81.55141999999998,37.736,200,250,1,70,81.55141999999998
App_120,89.11026000000003,20.380000000000194,No,51.37426000000003,37.736,200,250,1,70,51.37426000000003
App_121,90.27096000000002,21.400000000000205,No,52.53496000000002,37.736,200,250,1,70,52.53496000000002
App_122,119.56873999999999,16.300000000000153,No,81.83274,37.736,200,250,1,70,81.83274
App_123,89.00226000000002,16.300000000000153,No,51.266260000000024,37.736,200,250,1,70,51.266260000000024
App_124,118.64865999999996,18.35000000000018,No,80.70065999999997,37.948,200,250,1,70,80.70065999999997
App_125,119.15183000000002,18.35000000000018,No,81.20383000000001,37.948,200,250,1,70,81.20383000000001
App_126,115.6485,16.31000000000016,No,77.7005,37.948,200,250,1,70,77.7005
App_127,91.04678000000003,22.43000000000022,No,53.098780000000026,37.948,200,250,1,70,53.098780000000026
App_128,88.75306000000003,23.45000000000023,No,50.80506000000003,37.948,200,250,1,70,50.80506000000003
App_129,119.69383,18.35000000000018,No,81.74583000000001,37.948,200,250,1,70,81.74583000000001
App_130,89.51078000000004,18.35000000000018,No,51.56278000000004,37.948,200,250,1,70,51.56278000000004
App_131,116.14532000000001,18.340000000000174,No,77.98532000000002,38.16,200,250,1,70,77.98532000000002
App_132,117.09829999999997,18.340000000000174,No,78.93829999999997,38.16,200,250,1,70,78.93829999999997
App_133,120.29983000000004,16.300000000000153,No,82.13983000000005,38.16,200,250,1,70,82.13983000000005
App_134,90.05734000000007,22.420000000000215,No,51.89734000000007,38.16,200,250,1,70,51.89734000000007
App_135,64.80676,23.440000000000225,No,26.64676,38.16,200,250,1,70,26.64676
App_136,64.58981999999997,18.340000000000174,No,26.429819999999978,38.16,200,250,1,70,26.429819999999978
App_137,91.58656000000002,18.340000000000174,No,53.42656000000002,38.16,200,250,1,70,53.42656000000002
App_138,119.59245999999999,19.37000000000019,No,81.22045999999999,38.372,200,250,1,70,81.22045999999999
App_139,119.78722,19.37000000000019,No,81.41522,38.372,200,250,1,70,81.41522
App_140,119.13828999999997,17.33000000000017,No,80.76628999999997,38.372,200,250,1,70,80.76628999999997
App_141,91.31734000000003,23.45000000000023,No,52.94534000000003,38.372,200,250,1,70,52.94534000000003
App_142,89.46388000000002,24.47000000000024,No,51.09188000000002,38.372,200,250,1,70,51.09188000000002
App_143,120.32265999999997,19.37000000000019,No,81.95065999999997,38.372,200,250,1,70,81.95065999999997
App_144,90.18680000000008,19.37000000000019,No,51.814800000000076,38.372,200,250,1,70,51.814800000000076
App_145,119.30673999999998,21.41000000000021,No,80.72273999999997,38.584,200,250,1,70,80.72273999999997
App_146,118.59983000000003,21.41000000000021,No,80.01583000000002,38.584,200,250,1,70,80.01583000000002
App_147,118.72865999999996,19.37000000000019,No,80.14465999999996,38.584,200,250,1,70,80.14465999999996
App_148,89.83478000000005,25.49000000000025,No,51.25078000000005,38.584,200,250,1,70,51.25078000000005
App_149,90.63880000000007,26.51000000000026,No,52.05480000000007,38.584,200,250,1,70,52.05480000000007
App_150,119.21983000000002,21.41000000000021,No,80.63583000000001,38.584,200,250,1,70,80.63583000000001
App_151,91.44296000000003,21.41000000000021,No,52.858960000000025,38.584,200,250,1,70,52.858960000000025
App_152,118.88051999999999,21.400000000000205,No,80.08452,38.796,200,250,1,70,80.08452
App_153,118.77828999999997,21.400000000000205,No,79.98228999999998,38.796,200,250,1,70,79.98228999999998
App_154,118.77183000000002,5.090000000000046,No,79.97583000000003,38.796,200,250,1,70,79.97583000000003
App_155,119.29332000000002,19.360000000000184,No,80.49732000000003,38.796,200,250,1,70,80.49732000000003
App_156,89.87768000000004,25.480000000000246,No,51.08168000000004,38.796,200,250,1,70,51.08168000000004
App_157,91.68506000000004,26.500000000000256,No,52.889060000000036,38.796,200,250,1,70,52.889060000000036
App_158,118.08103999999996,21.400000000000205,No,79.28503999999995,38.796,200,250,1,70,79.28503999999995
App_159,91.04915000000003,21.400000000000205,No,52.253150000000026,38.796,200,250,1,70,52.253150000000026
App_160,119.21652,23.45000000000023,No,80.20852,39.008,200,250,1,70,80.20852
App_161,117.28822,23.45000000000023,No,78.28021999999999,39.008,200,250,1,70,78.28021999999999
App_162,118.97583000000002,7.1300000000000665,No,79.96783000000002,39.008,200,250,1,70,79.96783000000002
App_163,120.34983000000001,21.41000000000021,No,81.34183000000002,39.008,200,250,1,70,81.34183000000002
App_164,90.24726000000004,27.53000000000027,No,51.23926000000004,39.008,200,250,1,70,51.23926000000004
App_165,89.58226000000005,28.55000000000028,No,50.574260000000045,39.008,200,250,1,70,50.574260000000045
App_166,44.05787000000001,23.45000000000023,No,5.049870000000006,39.008,200,250,1,70,5.049870000000006
App_167,91.70696000000004,23.45000000000023,No,52.698960000000035,39.008,200,250,1,70,52.698960000000035
App_168,119.62783000000005,23.440000000000225,No,80.40783000000005,39.22,200,250,1,70,80.40783000000005
App_169,119.82983,23.440000000000225,No,80.60983,39.22,200,250,1,70,80.60983
App_170,119.22021999999998,7.120000000000061,No,80.00021999999998,39.22,200,250,1,70,80.00021999999998
App_171,116.89465999999997,21.400000000000205,No,77.67465999999997,39.22,200,250,1,70,77.67465999999997
App_172,89.54558000000003,27.520000000000266,No,50.32558000000003,39.22,200,250,1,70,50.32558000000003
App_173,89.90134000000006,28.540000000000276,No,50.68134000000006,39.22,200,250,1,70,50.68134000000006
App_174,44.54191000000001,23.440000000000225,No,5.32191000000001,39.22,200,250,1,70,5.32191000000001
App_175,89.54626000000002,23.440000000000225,No,50.32626000000002,39.22,200,250,1,70,50.32626000000002
App_176,118.26309000000002,25.49000000000025,No,78.83109000000002,39.432,200,250,1,70,78.83109000000002
App_177,119.18141999999997,25.49000000000025,No,79.74941999999997,39.432,200,250,1,70,79.74941999999997
App_178,119.62845999999999,9.170000000000087,No,80.19645999999999,39.432,200,250,1,70,80.19645999999999
App_179,119.82583000000004,23.45000000000023,No,80.39383000000004,39.432,200,250,1,70,80.39383000000004
App_180,89.73680000000003,29.57000000000029,No,50.30480000000003,39.432,200,250,1,70,50.30480000000003
App_181,91.52106000000003,30.590000000000302,No,52.08906000000003,39.432,200,250,1,70,52.08906000000003
App_182,44.313900000000004,25.49000000000025,No,4.881900000000002,39.432,200,250,1,70,4.881900000000002
App_183,89.92696000000002,25.49000000000025,No,50.49496000000002,39.432,200,250,1,70,50.49496000000002
App_184,118.77051999999999,25.480000000000246,No,79.12652,39.644,200,250,1,70,79.12652
App_185,119.30845999999998,25.480000000000246,No,79.66445999999999,39.644,200,250,1,70,79.66445999999999
App_186,118.28245999999999,9.160000000000082,No,78.63845999999998,39.644,200,250,1,70,78.63845999999998
App_187,119.62983000000001,23.440000000000225,No,79.98583000000002,39.644,200,250,1,70,79.98583000000002
App_188,89.84126000000002,29.560000000000286,No,50.19726000000002,39.644,200,250,1,70,50.19726000000002
App_189,91.06134000000003,30.580000000000297,No,51.41734000000003,39.644,200,250,1,70,51.41734000000003
App_190,44.8219,25.480000000000246,No,5.177900000000001,39.644,200,250,1,70,5.177900000000001
App_191,91.52256000000003,25.480000000000246,No,51.87856000000003,39.644,200,250,1,70,51.87856000000003
App_192,119.61046,26.51000000000026,No,79.75446,39.856,200,250,1,70,79.75446
App_193,120.35465999999998,26.51000000000026,No,80.49865999999997,39.856,200,250,1,70,80.49865999999997
App_194,65.08691,10.190000000000097,No,25.23091,39.856,200,250,1,70,25.23091
App_195,116.64683000000001,24.47000000000024,No,76.79083,39.856,200,250,1,70,76.79083
App_196,89.93734000000006,30.590000000000302,No,50.08134000000006,39.856,200,250,1,70,50.08134000000006
App_197,91.71906000000004,31.610000000000312,No,51.86306000000004,39.856,200,250,1,70,51.86306000000004
App_198,44.87785,26.51000000000026,No,5.021850000000001,39.856,200,250,1,70,5.021850000000001
App_199,91.04678000000003,26.51000000000026,No,51.190780000000025,39.856,200,250,1,70,51.190780000000025
