"id","x","y","angle","type","speed","pos","lane","slope","simtime"
"id_0","323.63","227.57","0.0","no_type_info","0.0","0.0","no_lane_info","0.0","10.176"
"id_1","323.63","227.57","0.0","no_type_info","0.0","0.0","no_lane_info","0.0","10.388"
"id_0","323.63","227.57","0.0","no_type_info","0.0","0.0","no_lane_info","0.0","10.388"
"id_1","323.63","227.57","0.0","no_type_info","0.0","0.0","no_lane_info","0.0","10.6"
"id_0","323.63","227.57","0.0","no_type_info","0.0","0.0","no_lane_info","0.0","10.6"
"id_1","323.63","227.57","0.0","no_type_info","0.0","0.0","no_lane_info","0.0","10.812"
"id_0","323.63","227.57","0.0","no_type_info","0.0","0.0","no_lane_info","0.0","10.812"
"id_1","323.63","227.57","0.0","no_type_info","0.0","0.0","no_lane_info","0.0","11.024"
"id_0","323.63","227.57","0.0","no_type_info","0.0","0.0","no_lane_info","0.0","11.024"
"id_1","323.63","227.57","0.0","no_type_info","0.0","0.0","no_lane_info","0.0","34.556"
"id_2","323.63","227.57","0.0","no_type_info","0.0","0.0","no_lane_info","0.0","34.556"
"id_0","1470.88","1073.94","0.0","no_type_info","0.0","0.0","no_lane_info","0.0","34.556"
"id_0","583.69","854.5","0.0","no_type_info","0.0","0.0","no_lane_info","0.0","34.556"
"id_7","583.69","854.5","0.0","no_type_info","0.0","0.0","no_lane_info","0.0","34.556"
"id_2","583.69","854.5","0.0","no_type_info","0.0","0.0","no_lane_info","0.0","34.556"
"id_1","583.69","854.5","0.0","no_type_info","0.0","0.0","no_lane_info","0.0","34.556"
"id_0","977.75","829.69","0.0","no_type_info","0.0","0.0","no_lane_info","0.0","34.556"
"id_0","323.63","227.57","0.0","no_type_info","0.0","0.0","no_lane_info","0.0","34.556"
"id_5","583.69","854.5","0.0","no_type_info","0.0","0.0","no_lane_info","0.0","34.556"
"id_0","1579.38","473.19","0.0","no_type_info","0.0","0.0","no_lane_info","0.0","34.556"
"id_3","1470.88","1073.94","0.0","no_type_info","0.0","0.0","no_lane_info","0.0","34.556"
"id_6","583.69","854.5","0.0","no_type_info","0.0","0.0","no_lane_info","0.0","34.556"
"id_1","1579.38","473.19","0.0","no_type_info","0.0","0.0","no_lane_info","0.0","34.556"
"id_3","583.69","854.5","0.0","no_type_info","0.0","0.0","no_lane_info","0.0","34.556"
"id_2","1579.38","473.19","0.0","no_type_info","0.0","0.0","no_lane_info","0.0","34.556"
"id_1","1470.88","1073.94","0.0","no_type_info","0.0","0.0","no_lane_info","0.0","34.556"
"id_3","1579.38","473.19","0.0","no_type_info","0.0","0.0","no_lane_info","0.0","34.556"
"id_4","583.69","854.5","0.0","no_type_info","0.0","0.0","no_lane_info","0.0","34.556"
"id_2","1470.88","1073.94","0.0","no_type_info","0.0","0.0","no_lane_info","0.0","34.556"
"id_1","323.63","227.57","0.0","no_type_info","0.0","0.0","no_lane_info","0.0","34.768"
"id_0","1470.88","1073.94","0.0","no_type_info","0.0","0.0","no_lane_info","0.0","34.768"
"id_0","583.69","854.5","0.0","no_type_info","0.0","0.0","no_lane_info","0.0","34.768"
"id_7","583.69","854.5","0.0","no_type_info","0.0","0.0","no_lane_info","0.0","34.768"
"id_2","583.69","854.5","0.0","no_type_info","0.0","0.0","no_lane_info","0.0","34.768"
"id_1","583.69","854.5","0.0","no_type_info","0.0","0.0","no_lane_info","0.0","34.768"
"id_0","977.75","829.69","0.0","no_type_info","0.0","0.0","no_lane_info","0.0","34.768"
"id_0","323.63","227.57","0.0","no_type_info","0.0","0.0","no_lane_info","0.0","34.768"
"id_5","583.69","854.5","0.0","no_type_info","0.0","0.0","no_lane_info","0.0","34.768"
"id_0","1579.38","473.19","0.0","no_type_info","0.0","0.0","no_lane_info","0.0","34.768"
"id_3","1470.88","1073.94","0.0","no_type_info","0.0","0.0","no_lane_info","0.0","34.768"
"id_6","583.69","854.5","0.0","no_type_info","0.0","0.0","no_lane_info","0.0","34.768"
"id_1","1579.38","473.19","0.0","no_type_info","0.0","0.0","no_lane_info","0.0","34.768"
"id_3","583.69","854.5","0.0","no_type_info","0.0","0.0","no_lane_info","0.0","34.768"
"id_2","1579.38","473.19","0.0","no_type_info","0.0","0.0","no_lane_info","0.0","34.768"
"id_1","1470.88","1073.94","0.0","no_type_info","0.0","0.0","no_lane_info","0.0","34.768"
"id_3","1579.38","473.19","0.0","no_type_info","0.0","0.0","no_lane_info","0.0","34.768"
"id_4","583.69","854.5","0.0","no_type_info","0.0","0.0","no_lane_info","0.0","34.768"
"id_2","1470.88","1073.94","0.0","no_type_info","0.0","0.0","no_lane_info","0.0","34.768"
"id_1","323.63","227.57","0.0","no_type_info","0.0","0.0","no_lane_info","0.0","34.98"
"id_0","1470.88","1073.94","0.0","no_type_info","0.0","0.0","no_lane_info","0.0","34.98"
"id_4","1579.38","473.19","0.0","no_type_info","0.0","0.0","no_lane_info","0.0","34.98"
"id_0","583.69","854.5","0.0","no_type_info","0.0","0.0","no_lane_info","0.0","34.98"
"id_7","583.69","854.5","0.0","no_type_info","0.0","0.0","no_lane_info","0.0","34.98"
"id_2","583.69","854.5","0.0","no_type_info","0.0","0.0","no_lane_info","0.0","34.98"
"id_1","583.69","854.5","0.0","no_type_info","0.0","0.0","no_lane_info","0.0","34.98"
"id_0","977.75","829.69","0.0","no_type_info","0.0","0.0","no_lane_info","0.0","34.98"
"id_0","323.63","227.57","0.0","no_type_info","0.0","0.0","no_lane_info","0.0","34.98"
"id_5","583.69","854.5","0.0","no_type_info","0.0","0.0","no_lane_info","0.0","34.98"
"id_0","1579.38","473.19","0.0","no_type_info","0.0","0.0","no_lane_info","0.0","34.98"
"id_3","1470.88","1073.94","0.0","no_type_info","0.0","0.0","no_lane_info","0.0","34.98"
"id_6","583.69","854.5","0.0","no_type_info","0.0","0.0","no_lane_info","0.0","34.98"
"id_1","1579.38","473.19","0.0","no_type_info","0.0","0.0","no_lane_info","0.0","34.98"
"id_3","583.69","854.5","0.0","no_type_info","0.0","0.0","no_lane_info","0.0","34.98"
"id_2","1579.38","473.19","0.0","no_type_info","0.0","0.0","no_lane_info","0.0","34.98"
"id_1","1470.88","1073.94","0.0","no_type_info","0.0","0.0","no_lane_info","0.0","34.98"
"id_3","1579.38","473.19","0.0","no_type_info","0.0","0.0","no_lane_info","0.0","34.98"
"id_4","583.69","854.5","0.0","no_type_info","0.0","0.0","no_lane_info","0.0","34.98"
"id_2","1470.88","1073.94","0.0","no_type_info","0.0","0.0","no_lane_info","0.0","34.98"
"id_1","323.63","227.57","0.0","no_type_info","0.0","0.0","no_lane_info","0.0","35.192"
"id_2","323.63","227.57","0.0","no_type_info","0.0","0.0","no_lane_info","0.0","35.192"
"id_0","1470.88","1073.94","0.0","no_type_info","0.0","0.0","no_lane_info","0.0","35.192"
"id_4","1579.38","473.19","0.0","no_type_info","0.0","0.0","no_lane_info","0.0","35.192"
"id_0","583.69","854.5","0.0","no_type_info","0.0","0.0","no_lane_info","0.0","35.192"
"id_7","583.69","854.5","0.0","no_type_info","0.0","0.0","no_lane_info","0.0","35.192"
"id_2","583.69","854.5","0.0","no_type_info","0.0","0.0","no_lane_info","0.0","35.192"
"id_1","583.69","854.5","0.0","no_type_info","0.0","0.0","no_lane_info","0.0","35.192"
"id_0","323.63","227.57","0.0","no_type_info","0.0","0.0","no_lane_info","0.0","35.192"
"id_5","583.69","854.5","0.0","no_type_info","0.0","0.0","no_lane_info","0.0","35.192"
"id_0","1579.38","473.19","0.0","no_type_info","0.0","0.0","no_lane_info","0.0","35.192"
"id_3","1470.88","1073.94","0.0","no_type_info","0.0","0.0","no_lane_info","0.0","35.192"
"id_6","583.69","854.5","0.0","no_type_info","0.0","0.0","no_lane_info","0.0","35.192"
"id_1","1579.38","473.19","0.0","no_type_info","0.0","0.0","no_lane_info","0.0","35.192"
"id_3","583.69","854.5","0.0","no_type_info","0.0","0.0","no_lane_info","0.0","35.192"
"id_2","1579.38","473.19","0.0","no_type_info","0.0","0.0","no_lane_info","0.0","35.192"
"id_1","1470.88","1073.94","0.0","no_type_info","0.0","0.0","no_lane_info","0.0","35.192"
"id_3","1579.38","473.19","0.0","no_type_info","0.0","0.0","no_lane_info","0.0","35.192"
"id_4","583.69","854.5","0.0","no_type_info","0.0","0.0","no_lane_info","0.0","35.192"
"id_2","1470.88","1073.94","0.0","no_type_info","0.0","0.0","no_lane_info","0.0","35.192"
"id_0","768.63","816.34","0.0","no_type_info","0.0","0.0","no_lane_info","0.0","35.404"
"id_1","323.63","227.57","0.0","no_type_info","0.0","0.0","no_lane_info","0.0","35.404"
"id_2","323.63","227.57","0.0","no_type_info","0.0","0.0","no_lane_info","0.0","35.404"
"id_0","1470.88","1073.94","0.0","no_type_info","0.0","0.0","no_lane_info","0.0","35.404"
"id_4","1579.38","473.19","0.0","no_type_info","0.0","0.0","no_lane_info","0.0","35.404"
"id_0","583.69","854.5","0.0","no_type_info","0.0","0.0","no_lane_info","0.0","35.404"
"id_2","583.69","854.5","0.0","no_type_info","0.0","0.0","no_lane_info","0.0","35.404"
"id_1","583.69","854.5","0.0","no_type_info","0.0","0.0","no_lane_info","0.0","35.404"
"id_0","323.63","227.57","0.0","no_type_info","0.0","0.0","no_lane_info","0.0","35.404"
"id_5","583.69","854.5","0.0","no_type_info","0.0","0.0","no_lane_info","0.0","35.404"
"id_0","1579.38","473.19","0.0","no_type_info","0.0","0.0","no_lane_info","0.0","35.404"
"id_4","1470.88","1073.94","0.0","no_type_info","0.0","0.0","no_lane_info","0.0","35.404"
"id_3","1470.88","1073.94","0.0","no_type_info","0.0","0.0","no_lane_info","0.0","35.404"
"id_6","583.69","854.5","0.0","no_type_info","0.0","0.0","no_lane_info","0.0","35.404"
"id_1","1579.38","473.19","0.0","no_type_info","0.0","0.0","no_lane_info","0.0","35.404"
"id_3","583.69","854.5","0.0","no_type_info","0.0","0.0","no_lane_info","0.0","35.404"
"id_2","1579.38","473.19","0.0","no_type_info","0.0","0.0","no_lane_info","0.0","35.404"
"id_1","1470.88","1073.94","0.0","no_type_info","0.0","0.0","no_lane_info","0.0","35.404"
"id_3","1579.38","473.19","0.0","no_type_info","0.0","0.0","no_lane_info","0.0","35.404"
"id_4","583.69","854.5","0.0","no_type_info","0.0","0.0","no_lane_info","0.0","35.404"
"id_2","1470.88","1073.94","0.0","no_type_info","0.0","0.0","no_lane_info","0.0","35.404"
"id_0","768.63","816.34","0.0","no_type_info","0.0","0.0","no_lane_info","0.0","35.616"
"id_1","323.63","227.57","0.0","no_type_info","0.0","0.0","no_lane_info","0.0","35.616"
"id_2","323.63","227.57","0.0","no_type_info","0.0","0.0","no_lane_info","0.0","35.616"
"id_0","1470.88","1073.94","0.0","no_type_info","0.0","0.0","no_lane_info","0.0","35.616"
"id_4","1579.38","473.19","0.0","no_type_info","0.0","0.0","no_lane_info","0.0","35.616"
"id_0","583.69","854.5","0.0","no_type_info","0.0","0.0","no_lane_info","0.0","35.616"
"id_2","583.69","854.5","0.0","no_type_info","0.0","0.0","no_lane_info","0.0","35.616"
"id_1","583.69","854.5","0.0","no_type_info","0.0","0.0","no_lane_info","0.0","35.616"
"id_0","323.63","227.57","0.0","no_type_info","0.0","0.0","no_lane_info","0.0","35.616"
"id_5","583.69","854.5","0.0","no_type_info","0.0","0.0","no_lane_info","0.0","35.616"
"id_0","1579.38","473.19","0.0","no_type_info","0.0","0.0","no_lane_info","0.0","35.616"
"id_4","1470.88","1073.94","0.0","no_type_info","0.0","0.0","no_lane_info","0.0","35.616"
"id_3","1470.88","1073.94","0.0","no_type_info","0.0","0.0","no_lane_info","0.0","35.616"
"id_6","583.69","854.5","0.0","no_type_info","0.0","0.0","no_lane_info","0.0","35.616"
"id_1","1579.38","473.19","0.0","no_type_info","0.0","0.0","no_lane_info","0.0","35.616"
"id_3","583.69","854.5","0.0","no_type_info","0.0","0.0","no_lane_info","0.0","35.616"
"id_2","1579.38","473.19","0.0","no_type_info","0.0","0.0","no_lane_info","0.0","35.616"
"id_1","1470.88","1073.94","0.0","no_type_info","0.0","0.0","no_lane_info","0.0","35.616"
"id_3","1579.38","473.19","0.0","no_type_info","0.0","0.0","no_lane_info","0.0","35.616"
"id_4","583.69","854.5","0.0","no_type_info","0.0","0.0","no_lane_info","0.0","35.616"
"id_2","1470.88","1073.94","0.0","no_type_info","0.0","0.0","no_lane_info","0.0","35.616"
"id_0","768.63","816.34","0.0","no_type_info","0.0","0.0","no_lane_info","0.0","35.828"
"id_1","323.63","227.57","0.0","no_type_info","0.0","0.0","no_lane_info","0.0","35.828"
"id_5","1579.38","473.19","0.0","no_type_info","0.0","0.0","no_lane_info","0.0","35.828"
"id_2","323.63","227.57","0.0","no_type_info","0.0","0.0","no_lane_info","0.0","35.828"
"id_0","1470.88","1073.94","0.0","no_type_info","0.0","0.0","no_lane_info","0.0","35.828"
"id_4","1579.38","473.19","0.0","no_type_info","0.0","0.0","no_lane_info","0.0","35.828"
"id_0","583.69","854.5","0.0","no_type_info","0.0","0.0","no_lane_info","0.0","35.828"
"id_2","583.69","854.5","0.0","no_type_info","0.0","0.0","no_lane_info","0.0","35.828"
"id_1","583.69","854.5","0.0","no_type_info","0.0","0.0","no_lane_info","0.0","35.828"
"id_0","323.63","227.57","0.0","no_type_info","0.0","0.0","no_lane_info","0.0","35.828"
"id_5","583.69","854.5","0.0","no_type_info","0.0","0.0","no_lane_info","0.0","35.828"
"id_0","1579.38","473.19","0.0","no_type_info","0.0","0.0","no_lane_info","0.0","35.828"
"id_4","1470.88","1073.94","0.0","no_type_info","0.0","0.0","no_lane_info","0.0","35.828"
"id_3","1470.88","1073.94","0.0","no_type_info","0.0","0.0","no_lane_info","0.0","35.828"
"id_6","583.69","854.5","0.0","no_type_info","0.0","0.0","no_lane_info","0.0","35.828"
"id_1","1579.38","473.19","0.0","no_type_info","0.0","0.0","no_lane_info","0.0","35.828"
"id_3","583.69","854.5","0.0","no_type_info","0.0","0.0","no_lane_info","0.0","35.828"
"id_2","1579.38","473.19","0.0","no_type_info","0.0","0.0","no_lane_info","0.0","35.828"
"id_1","1470.88","1073.94","0.0","no_type_info","0.0","0.0","no_lane_info","0.0","35.828"
"id_3","1579.38","473.19","0.0","no_type_info","0.0","0.0","no_lane_info","0.0","35.828"
"id_4","583.69","854.5","0.0","no_type_info","0.0","0.0","no_lane_info","0.0","35.828"
"id_2","1470.88","1073.94","0.0","no_type_info","0.0","0.0","no_lane_info","0.0","35.828"
"id_0","768.63","816.34","0.0","no_type_info","0.0","0.0","no_lane_info","0.0","36.04"
"id_1","323.63","227.57","0.0","no_type_info","0.0","0.0","no_lane_info","0.0","36.04"
"id_5","1579.38","473.19","0.0","no_type_info","0.0","0.0","no_lane_info","0.0","36.04"
"id_2","323.63","227.57","0.0","no_type_info","0.0","0.0","no_lane_info","0.0","36.04"
"id_0","1470.88","1073.94","0.0","no_type_info","0.0","0.0","no_lane_info","0.0","36.04"
"id_4","1579.38","473.19","0.0","no_type_info","0.0","0.0","no_lane_info","0.0","36.04"
"id_0","583.69","854.5","0.0","no_type_info","0.0","0.0","no_lane_info","0.0","36.04"
"id_2","583.69","854.5","0.0","no_type_info","0.0","0.0","no_lane_info","0.0","36.04"
"id_1","583.69","854.5","0.0","no_type_info","0.0","0.0","no_lane_info","0.0","36.04"
"id_0","323.63","227.57","0.0","no_type_info","0.0","0.0","no_lane_info","0.0","36.04"
"id_5","583.69","854.5","0.0","no_type_info","0.0","0.0","no_lane_info","0.0","36.04"
"id_0","1579.38","473.19","0.0","no_type_info","0.0","0.0","no_lane_info","0.0","36.04"
"id_4","1470.88","1073.94","0.0","no_type_info","0.0","0.0","no_lane_info","0.0","36.04"
"id_3","1470.88","1073.94","0.0","no_type_info","0.0","0.0","no_lane_info","0.0","36.04"
"id_6","583.69","854.5","0.0","no_type_info","0.0","0.0","no_lane_info","0.0","36.04"
"id_1","1579.38","473.19","0.0","no_type_info","0.0","0.0","no_lane_info","0.0","36.04"
"id_3","583.69","854.5","0.0","no_type_info","0.0","0.0","no_lane_info","0.0","36.04"
"id_2","1579.38","473.19","0.0","no_type_info","0.0","0.0","no_lane_info","0.0","36.04"
"id_1","1470.88","1073.94","0.0","no_type_info","0.0","0.0","no_lane_info","0.0","36.04"
"id_3","1579.38","473.19","0.0","no_type_info","0.0","0.0","no_lane_info","0.0","36.04"
"id_4","583.69","854.5","0.0","no_type_info","0.0","0.0","no_lane_info","0.0","36.04"
"id_2","1470.88","1073.94","0.0","no_type_info","0.0","0.0","no_lane_info","0.0","36.04"
"id_0","768.63","816.34","0.0","no_type_info","0.0","0.0","no_lane_info","0.0","36.252"
"id_1","323.63","227.57","0.0","no_type_info","0.0","0.0","no_lane_info","0.0","36.252"
"id_5","1579.38","473.19","0.0","no_type_info","0.0","0.0","no_lane_info","0.0","36.252"
"id_2","323.63","227.57","0.0","no_type_info","0.0","0.0","no_lane_info","0.0","36.252"
"id_0","1470.88","1073.94","0.0","no_type_info","0.0","0.0","no_lane_info","0.0","36.252"
"id_4","1579.38","473.19","0.0","no_type_info","0.0","0.0","no_lane_info","0.0","36.252"
"id_0","583.69","854.5","0.0","no_type_info","0.0","0.0","no_lane_info","0.0","36.252"
"id_2","583.69","854.5","0.0","no_type_info","0.0","0.0","no_lane_info","0.0","36.252"
"id_1","583.69","854.5","0.0","no_type_info","0.0","0.0","no_lane_info","0.0","36.252"
"id_0","323.63","227.57","0.0","no_type_info","0.0","0.0","no_lane_info","0.0","36.252"
"id_5","583.69","854.5","0.0","no_type_info","0.0","0.0","no_lane_info","0.0","36.252"
"id_0","1579.38","473.19","0.0","no_type_info","0.0","0.0","no_lane_info","0.0","36.252"
"id_4","1470.88","1073.94","0.0","no_type_info","0.0","0.0","no_lane_info","0.0","36.252"
"id_3","1470.88","1073.94","0.0","no_type_info","0.0","0.0","no_lane_info","0.0","36.252"
"id_6","583.69","854.5","0.0","no_type_info","0.0","0.0","no_lane_info","0.0","36.252"
"id_1","1579.38","473.19","0.0","no_type_info","0.0","0.0","no_lane_info","0.0","36.252"
"id_3","583.69","854.5","0.0","no_type_info","0.0","0.0","no_lane_info","0.0","36.252"
"id_2","1579.38","473.19","0.0","no_type_info","0.0","0.0","no_lane_info","0.0","36.252"
"id_1","1470.88","1073.94","0.0","no_type_info","0.0","0.0","no_lane_info","0.0","36.252"
"id_3","1579.38","473.19","0.0","no_type_info","0.0","0.0","no_lane_info","0.0","36.252"
"id_4","583.69","854.5","0.0","no_type_info","0.0","0.0","no_lane_info","0.0","36.252"
"id_2","1470.88","1073.94","0.0","no_type_info","0.0","0.0","no_lane_info","0.0","36.252"
"id_0","768.63","816.34","0.0","no_type_info","0.0","0.0","no_lane_info","0.0","36.464"
"id_1","323.63","227.57","0.0","no_type_info","0.0","0.0","no_lane_info","0.0","36.464"
"id_5","1579.38","473.19","0.0","no_type_info","0.0","0.0","no_lane_info","0.0","36.464"
"id_1","768.63","816.34","0.0","no_type_info","0.0","0.0","no_lane_info","0.0","36.464"
"id_2","323.63","227.57","0.0","no_type_info","0.0","0.0","no_lane_info","0.0","36.464"
"id_0","1470.88","1073.94","0.0","no_type_info","0.0","0.0","no_lane_info","0.0","36.464"
"id_4","1579.38","473.19","0.0","no_type_info","0.0","0.0","no_lane_info","0.0","36.464"
"id_0","583.69","854.5","0.0","no_type_info","0.0","0.0","no_lane_info","0.0","36.464"
"id_2","583.69","854.5","0.0","no_type_info","0.0","0.0","no_lane_info","0.0","36.464"
"id_1","583.69","854.5","0.0","no_type_info","0.0","0.0","no_lane_info","0.0","36.464"
"id_0","323.63","227.57","0.0","no_type_info","0.0","0.0","no_lane_info","0.0","36.464"
"id_5","583.69","854.5","0.0","no_type_info","0.0","0.0","no_lane_info","0.0","36.464"
"id_0","1579.38","473.19","0.0","no_type_info","0.0","0.0","no_lane_info","0.0","36.464"
"id_4","1470.88","1073.94","0.0","no_type_info","0.0","0.0","no_lane_info","0.0","36.464"
"id_3","1470.88","1073.94","0.0","no_type_info","0.0","0.0","no_lane_info","0.0","36.464"
"id_1","1579.38","473.19","0.0","no_type_info","0.0","0.0","no_lane_info","0.0","36.464"
"id_3","583.69","854.5","0.0","no_type_info","0.0","0.0","no_lane_info","0.0","36.464"
"id_2","1579.38","473.19","0.0","no_type_info","0.0","0.0","no_lane_info","0.0","36.464"
"id_1","1470.88","1073.94","0.0","no_type_info","0.0","0.0","no_lane_info","0.0","36.464"
"id_3","1579.38","473.19","0.0","no_type_info","0.0","0.0","no_lane_info","0.0","36.464"
"id_4","583.69","854.5","0.0","no_type_info","0.0","0.0","no_lane_info","0.0","36.464"
"id_2","1470.88","1073.94","0.0","no_type_info","0.0","0.0","no_lane_info","0.0","36.464"
"id_0","768.63","816.34","0.0","no_type_info","0.0","0.0","no_lane_info","0.0","36.676"
"id_1","323.63","227.57","0.0","no_type_info","0.0","0.0","no_lane_info","0.0","36.676"
"id_5","1579.38","473.19","0.0","no_type_info","0.0","0.0","no_lane_info","0.0","36.676"
"id_1","768.63","816.34","0.0","no_type_info","0.0","0.0","no_lane_info","0.0","36.676"
"id_2","323.63","227.57","0.0","no_type_info","0.0","0.0","no_lane_info","0.0","36.676"
"id_0","1425.56","1082.94","0.0","no_type_info","0.0","0.0","no_lane_info","0.0","36.676"
"id_0","1470.88","1073.94","0.0","no_type_info","0.0","0.0","no_lane_info","0.0","36.676"
"id_4","1579.38","473.19","0.0","no_type_info","0.0","0.0","no_lane_info","0.0","36.676"
"id_0","583.69","854.5","0.0","no_type_info","0.0","0.0","no_lane_info","0.0","36.676"
"id_2","583.69","854.5","0.0","no_type_info","0.0","0.0","no_lane_info","0.0","36.676"
"id_1","583.69","854.5","0.0","no_type_info","0.0","0.0","no_lane_info","0.0","36.676"
"id_0","323.63","227.57","0.0","no_type_info","0.0","0.0","no_lane_info","0.0","36.676"
"id_5","583.69","854.5","0.0","no_type_info","0.0","0.0","no_lane_info","0.0","36.676"
"id_0","1579.38","473.19","0.0","no_type_info","0.0","0.0","no_lane_info","0.0","36.676"
"id_3","1470.88","1073.94","0.0","no_type_info","0.0","0.0","no_lane_info","0.0","36.676"
"id_1","1579.38","473.19","0.0","no_type_info","0.0","0.0","no_lane_info","0.0","36.676"
"id_3","583.69","854.5","0.0","no_type_info","0.0","0.0","no_lane_info","0.0","36.676"
"id_2","1579.38","473.19","0.0","no_type_info","0.0","0.0","no_lane_info","0.0","36.676"
"id_1","1470.88","1073.94","0.0","no_type_info","0.0","0.0","no_lane_info","0.0","36.676"
"id_3","1579.38","473.19","0.0","no_type_info","0.0","0.0","no_lane_info","0.0","36.676"
"id_4","583.69","854.5","0.0","no_type_info","0.0","0.0","no_lane_info","0.0","36.676"
"id_2","1470.88","1073.94","0.0","no_type_info","0.0","0.0","no_lane_info","0.0","36.676"
"id_0","768.63","816.34","0.0","no_type_info","0.0","0.0","no_lane_info","0.0","36.888"
"id_1","323.63","227.57","0.0","no_type_info","0.0","0.0","no_lane_info","0.0","36.888"
"id_5","1579.38","473.19","0.0","no_type_info","0.0","0.0","no_lane_info","0.0","36.888"
"id_1","768.63","816.34","0.0","no_type_info","0.0","0.0","no_lane_info","0.0","36.888"
"id_2","323.63","227.57","0.0","no_type_info","0.0","0.0","no_lane_info","0.0","36.888"
"id_0","1425.56","1082.94","0.0","no_type_info","0.0","0.0","no_lane_info","0.0","36.888"
"id_0","1470.88","1073.94","0.0","no_type_info","0.0","0.0","no_lane_info","0.0","36.888"
"id_4","1579.38","473.19","0.0","no_type_info","0.0","0.0","no_lane_info","0.0","36.888"
"id_0","583.69","854.5","0.0","no_type_info","0.0","0.0","no_lane_info","0.0","36.888"
"id_2","583.69","854.5","0.0","no_type_info","0.0","0.0","no_lane_info","0.0","36.888"
"id_6","1579.38","473.19","0.0","no_type_info","0.0","0.0","no_lane_info","0.0","36.888"
"id_1","583.69","854.5","0.0","no_type_info","0.0","0.0","no_lane_info","0.0","36.888"
"id_0","323.63","227.57","0.0","no_type_info","0.0","0.0","no_lane_info","0.0","36.888"
"id_5","583.69","854.5","0.0","no_type_info","0.0","0.0","no_lane_info","0.0","36.888"
"id_0","1579.38","473.19","0.0","no_type_info","0.0","0.0","no_lane_info","0.0","36.888"
"id_3","1470.88","1073.94","0.0","no_type_info","0.0","0.0","no_lane_info","0.0","36.888"
"id_1","1579.38","473.19","0.0","no_type_info","0.0","0.0","no_lane_info","0.0","36.888"
"id_3","583.69","854.5","0.0","no_type_info","0.0","0.0","no_lane_info","0.0","36.888"
"id_2","1579.38","473.19","0.0","no_type_info","0.0","0.0","no_lane_info","0.0","36.888"
"id_1","1470.88","1073.94","0.0","no_type_info","0.0","0.0","no_lane_info","0.0","36.888"
"id_3","1579.38","473.19","0.0","no_type_info","0.0","0.0","no_lane_info","0.0","36.888"
"id_4","583.69","854.5","0.0","no_type_info","0.0","0.0","no_lane_info","0.0","36.888"
"id_2","1470.88","1073.94","0.0","no_type_info","0.0","0.0","no_lane_info","0.0","36.888"
"id_0","768.63","816.34","0.0","no_type_info","0.0","0.0","no_lane_info","0.0","37.1"
"id_1","323.63","227.57","0.0","no_type_info","0.0","0.0","no_lane_info","0.0","37.1"
"id_5","1579.38","473.19","0.0","no_type_info","0.0","0.0","no_lane_info","0.0","37.1"
"id_1","768.63","816.34","0.0","no_type_info","0.0","0.0","no_lane_info","0.0","37.1"
"id_2","323.63","227.57","0.0","no_type_info","0.0","0.0","no_lane_info","0.0","37.1"
"id_0","1425.56","1082.94","0.0","no_type_info","0.0","0.0","no_lane_info","0.0","37.1"
"id_0","1470.88","1073.94","0.0","no_type_info","0.0","0.0","no_lane_info","0.0","37.1"
"id_4","1579.38","473.19","0.0","no_type_info","0.0","0.0","no_lane_info","0.0","37.1"
"id_0","583.69","854.5","0.0","no_type_info","0.0","0.0","no_lane_info","0.0","37.1"
"id_2","583.69","854.5","0.0","no_type_info","0.0","0.0","no_lane_info","0.0","37.1"
"id_6","1579.38","473.19","0.0","no_type_info","0.0","0.0","no_lane_info","0.0","37.1"
"id_1","583.69","854.5","0.0","no_type_info","0.0","0.0","no_lane_info","0.0","37.1"
"id_0","323.63","227.57","0.0","no_type_info","0.0","0.0","no_lane_info","0.0","37.1"
"id_5","583.69","854.5","0.0","no_type_info","0.0","0.0","no_lane_info","0.0","37.1"
"id_0","1579.38","473.19","0.0","no_type_info","0.0","0.0","no_lane_info","0.0","37.1"
"id_4","1470.88","1073.94","0.0","no_type_info","0.0","0.0","no_lane_info","0.0","37.1"
"id_3","1470.88","1073.94","0.0","no_type_info","0.0","0.0","no_lane_info","0.0","37.1"
"id_1","1579.38","473.19","0.0","no_type_info","0.0","0.0","no_lane_info","0.0","37.1"
"id_3","583.69","854.5","0.0","no_type_info","0.0","0.0","no_lane_info","0.0","37.1"
"id_2","1579.38","473.19","0.0","no_type_info","0.0","0.0","no_lane_info","0.0","37.1"
"id_1","1470.88","1073.94","0.0","no_type_info","0.0","0.0","no_lane_info","0.0","37.1"
"id_3","1579.38","473.19","0.0","no_type_info","0.0","0.0","no_lane_info","0.0","37.1"
"id_4","583.69","854.5","0.0","no_type_info","0.0","0.0","no_lane_info","0.0","37.1"
"id_2","1470.88","1073.94","0.0","no_type_info","0.0","0.0","no_lane_info","0.0","37.1"
"id_0","768.63","816.34","0.0","no_type_info","0.0","0.0","no_lane_info","0.0","37.312"
"id_1","323.63","227.57","0.0","no_type_info","0.0","0.0","no_lane_info","0.0","37.312"
"id_5","1579.38","473.19","0.0","no_type_info","0.0","0.0","no_lane_info","0.0","37.312"
"id_1","768.63","816.34","0.0","no_type_info","0.0","0.0","no_lane_info","0.0","37.312"
"id_2","323.63","227.57","0.0","no_type_info","0.0","0.0","no_lane_info","0.0","37.312"
"id_0","1425.56","1082.94","0.0","no_type_info","0.0","0.0","no_lane_info","0.0","37.312"
"id_0","1470.88","1073.94","0.0","no_type_info","0.0","0.0","no_lane_info","0.0","37.312"
"id_4","1579.38","473.19","0.0","no_type_info","0.0","0.0","no_lane_info","0.0","37.312"
"id_1","1425.56","1082.94","0.0","no_type_info","0.0","0.0","no_lane_info","0.0","37.312"
"id_0","583.69","854.5","0.0","no_type_info","0.0","0.0","no_lane_info","0.0","37.312"
"id_2","583.69","854.5","0.0","no_type_info","0.0","0.0","no_lane_info","0.0","37.312"
"id_6","1579.38","473.19","0.0","no_type_info","0.0","0.0","no_lane_info","0.0","37.312"
"id_1","583.69","854.5","0.0","no_type_info","0.0","0.0","no_lane_info","0.0","37.312"
"id_0","323.63","227.57","0.0","no_type_info","0.0","0.0","no_lane_info","0.0","37.312"
"id_5","583.69","854.5","0.0","no_type_info","0.0","0.0","no_lane_info","0.0","37.312"
"id_0","1579.38","473.19","0.0","no_type_info","0.0","0.0","no_lane_info","0.0","37.312"
"id_3","1470.88","1073.94","0.0","no_type_info","0.0","0.0","no_lane_info","0.0","37.312"
"id_1","1579.38","473.19","0.0","no_type_info","0.0","0.0","no_lane_info","0.0","37.312"
"id_3","583.69","854.5","0.0","no_type_info","0.0","0.0","no_lane_info","0.0","37.312"
"id_2","1579.38","473.19","0.0","no_type_info","0.0","0.0","no_lane_info","0.0","37.312"
"id_1","1470.88","1073.94","0.0","no_type_info","0.0","0.0","no_lane_info","0.0","37.312"
"id_3","1579.38","473.19","0.0","no_type_info","0.0","0.0","no_lane_info","0.0","37.312"
"id_4","583.69","854.5","0.0","no_type_info","0.0","0.0","no_lane_info","0.0","37.312"
"id_2","1470.88","1073.94","0.0","no_type_info","0.0","0.0","no_lane_info","0.0","37.312"
"id_0","768.63","816.34","0.0","no_type_info","0.0","0.0","no_lane_info","0.0","37.524"
"id_1","323.63","227.57","0.0","no_type_info","0.0","0.0","no_lane_info","0.0","37.524"
"id_5","1579.38","473.19","0.0","no_type_info","0.0","0.0","no_lane_info","0.0","37.524"
"id_1","768.63","816.34","0.0","no_type_info","0.0","0.0","no_lane_info","0.0","37.524"
"id_2","323.63","227.57","0.0","no_type_info","0.0","0.0","no_lane_info","0.0","37.524"
"id_0","1425.56","1082.94","0.0","no_type_info","0.0","0.0","no_lane_info","0.0","37.524"
"id_4","1579.38","473.19","0.0","no_type_info","0.0","0.0","no_lane_info","0.0","37.524"
"id_1","1425.56","1082.94","0.0","no_type_info","0.0","0.0","no_lane_info","0.0","37.524"
"id_0","583.69","854.5","0.0","no_type_info","0.0","0.0","no_lane_info","0.0","37.524"
"id_2","583.69","854.5","0.0","no_type_info","0.0","0.0","no_lane_info","0.0","37.524"
"id_6","1579.38","473.19","0.0","no_type_info","0.0","0.0","no_lane_info","0.0","37.524"
"id_1","583.69","854.5","0.0","no_type_info","0.0","0.0","no_lane_info","0.0","37.524"
"id_0","323.63","227.57","0.0","no_type_info","0.0","0.0","no_lane_info","0.0","37.524"
"id_0","1579.38","473.19","0.0","no_type_info","0.0","0.0","no_lane_info","0.0","37.524"
"id_1","1579.38","473.19","0.0","no_type_info","0.0","0.0","no_lane_info","0.0","37.524"
"id_2","1579.38","473.19","0.0","no_type_info","0.0","0.0","no_lane_info","0.0","37.524"
"id_3","1579.38","473.19","0.0","no_type_info","0.0","0.0","no_lane_info","0.0","37.524"
"id_0","1470.88","1073.94","0.0","no_type_info","0.0","0.0","no_lane_info","0.0","37.524"
"id_5","583.69","854.5","0.0","no_type_info","0.0","0.0","no_lane_info","0.0","37.524"
"id_3","1470.88","1073.94","0.0","no_type_info","0.0","0.0","no_lane_info","0.0","37.524"
"id_6","583.69","854.5","0.0","no_type_info","0.0","0.0","no_lane_info","0.0","37.524"
"id_3","583.69","854.5","0.0","no_type_info","0.0","0.0","no_lane_info","0.0","37.524"
"id_1","1470.88","1073.94","0.0","no_type_info","0.0","0.0","no_lane_info","0.0","37.524"
"id_4","583.69","854.5","0.0","no_type_info","0.0","0.0","no_lane_info","0.0","37.524"
"id_2","1470.88","1073.94","0.0","no_type_info","0.0","0.0","no_lane_info","0.0","37.524"
"id_0","768.63","816.34","0.0","no_type_info","0.0","0.0","no_lane_info","0.0","37.736"
"id_1","323.63","227.57","0.0","no_type_info","0.0","0.0","no_lane_info","0.0","37.736"
"id_5","1579.38","473.19","0.0","no_type_info","0.0","0.0","no_lane_info","0.0","37.736"
"id_1","768.63","816.34","0.0","no_type_info","0.0","0.0","no_lane_info","0.0","37.736"
"id_2","323.63","227.57","0.0","no_type_info","0.0","0.0","no_lane_info","0.0","37.736"
"id_0","1425.56","1082.94","0.0","no_type_info","0.0","0.0","no_lane_info","0.0","37.736"
"id_4","1579.38","473.19","0.0","no_type_info","0.0","0.0","no_lane_info","0.0","37.736"
"id_1","1425.56","1082.94","0.0","no_type_info","0.0","0.0","no_lane_info","0.0","37.736"
"id_0","583.69","854.5","0.0","no_type_info","0.0","0.0","no_lane_info","0.0","37.736"
"id_2","583.69","854.5","0.0","no_type_info","0.0","0.0","no_lane_info","0.0","37.736"
"id_6","1579.38","473.19","0.0","no_type_info","0.0","0.0","no_lane_info","0.0","37.736"
"id_1","583.69","854.5","0.0","no_type_info","0.0","0.0","no_lane_info","0.0","37.736"
"id_0","323.63","227.57","0.0","no_type_info","0.0","0.0","no_lane_info","0.0","37.736"
"id_0","1579.38","473.19","0.0","no_type_info","0.0","0.0","no_lane_info","0.0","37.736"
"id_1","1579.38","473.19","0.0","no_type_info","0.0","0.0","no_lane_info","0.0","37.736"
"id_2","1579.38","473.19","0.0","no_type_info","0.0","0.0","no_lane_info","0.0","37.736"
"id_3","1579.38","473.19","0.0","no_type_info","0.0","0.0","no_lane_info","0.0","37.736"
"id_0","1470.88","1073.94","0.0","no_type_info","0.0","0.0","no_lane_info","0.0","37.736"
"id_5","583.69","854.5","0.0","no_type_info","0.0","0.0","no_lane_info","0.0","37.736"
"id_3","1470.88","1073.94","0.0","no_type_info","0.0","0.0","no_lane_info","0.0","37.736"
"id_6","583.69","854.5","0.0","no_type_info","0.0","0.0","no_lane_info","0.0","37.736"
"id_3","583.69","854.5","0.0","no_type_info","0.0","0.0","no_lane_info","0.0","37.736"
"id_1","1470.88","1073.94","0.0","no_type_info","0.0","0.0","no_lane_info","0.0","37.736"
"id_4","583.69","854.5","0.0","no_type_info","0.0","0.0","no_lane_info","0.0","37.736"
"id_2","1470.88","1073.94","0.0","no_type_info","0.0","0.0","no_lane_info","0.0","37.736"
"id_0","768.63","816.34","0.0","no_type_info","0.0","0.0","no_lane_info","0.0","37.948"
"id_1","323.63","227.57","0.0","no_type_info","0.0","0.0","no_lane_info","0.0","37.948"
"id_5","1579.38","473.19","0.0","no_type_info","0.0","0.0","no_lane_info","0.0","37.948"
"id_1","768.63","816.34","0.0","no_type_info","0.0","0.0","no_lane_info","0.0","37.948"
"id_2","323.63","227.57","0.0","no_type_info","0.0","0.0","no_lane_info","0.0","37.948"
"id_0","1425.56","1082.94","0.0","no_type_info","0.0","0.0","no_lane_info","0.0","37.948"
"id_4","1579.38","473.19","0.0","no_type_info","0.0","0.0","no_lane_info","0.0","37.948"
"id_1","1425.56","1082.94","0.0","no_type_info","0.0","0.0","no_lane_info","0.0","37.948"
"id_0","583.69","854.5","0.0","no_type_info","0.0","0.0","no_lane_info","0.0","37.948"
"id_2","583.69","854.5","0.0","no_type_info","0.0","0.0","no_lane_info","0.0","37.948"
"id_6","1579.38","473.19","0.0","no_type_info","0.0","0.0","no_lane_info","0.0","37.948"
"id_1","583.69","854.5","0.0","no_type_info","0.0","0.0","no_lane_info","0.0","37.948"
"id_0","323.63","227.57","0.0","no_type_info","0.0","0.0","no_lane_info","0.0","37.948"
"id_0","1579.38","473.19","0.0","no_type_info","0.0","0.0","no_lane_info","0.0","37.948"
"id_1","1579.38","473.19","0.0","no_type_info","0.0","0.0","no_lane_info","0.0","37.948"
"id_2","1579.38","473.19","0.0","no_type_info","0.0","0.0","no_lane_info","0.0","37.948"
"id_3","1579.38","473.19","0.0","no_type_info","0.0","0.0","no_lane_info","0.0","37.948"
"id_0","1470.88","1073.94","0.0","no_type_info","0.0","0.0","no_lane_info","0.0","37.948"
"id_5","583.69","854.5","0.0","no_type_info","0.0","0.0","no_lane_info","0.0","37.948"
"id_3","1470.88","1073.94","0.0","no_type_info","0.0","0.0","no_lane_info","0.0","37.948"
"id_6","583.69","854.5","0.0","no_type_info","0.0","0.0","no_lane_info","0.0","37.948"
"id_3","583.69","854.5","0.0","no_type_info","0.0","0.0","no_lane_info","0.0","37.948"
"id_1","1470.88","1073.94","0.0","no_type_info","0.0","0.0","no_lane_info","0.0","37.948"
"id_4","583.69","854.5","0.0","no_type_info","0.0","0.0","no_lane_info","0.0","37.948"
"id_2","1470.88","1073.94","0.0","no_type_info","0.0","0.0","no_lane_info","0.0","37.948"
"id_0","768.63","816.34","0.0","no_type_info","0.0","0.0","no_lane_info","0.0","38.16"
"id_1","323.63","227.57","0.0","no_type_info","0.0","0.0","no_lane_info","0.0","38.16"
"id_5","1579.38","473.19","0.0","no_type_info","0.0","0.0","no_lane_info","0.0","38.16"
"id_1","768.63","816.34","0.0","no_type_info","0.0","0.0","no_lane_info","0.0","38.16"
"id_0","1425.56","1082.94","0.0","no_type_info","0.0","0.0","no_lane_info","0.0","38.16"
"id_0","1470.88","1073.94","0.0","no_type_info","0.0","0.0","no_lane_info","0.0","38.16"
"id_4","1579.38","473.19","0.0","no_type_info","0.0","0.0","no_lane_info","0.0","38.16"
"id_1","1425.56","1082.94","0.0","no_type_info","0.0","0.0","no_lane_info","0.0","38.16"
"id_0","583.69","854.5","0.0","no_type_info","0.0","0.0","no_lane_info","0.0","38.16"
"id_2","583.69","854.5","0.0","no_type_info","0.0","0.0","no_lane_info","0.0","38.16"
"id_6","1579.38","473.19","0.0","no_type_info","0.0","0.0","no_lane_info","0.0","38.16"
"id_1","583.69","854.5","0.0","no_type_info","0.0","0.0","no_lane_info","0.0","38.16"
"id_0","323.63","227.57","0.0","no_type_info","0.0","0.0","no_lane_info","0.0","38.16"
"id_5","583.69","854.5","0.0","no_type_info","0.0","0.0","no_lane_info","0.0","38.16"
"id_0","1579.38","473.19","0.0","no_type_info","0.0","0.0","no_lane_info","0.0","38.16"
"id_3","1470.88","1073.94","0.0","no_type_info","0.0","0.0","no_lane_info","0.0","38.16"
"id_6","583.69","854.5","0.0","no_type_info","0.0","0.0","no_lane_info","0.0","38.16"
"id_1","1579.38","473.19","0.0","no_type_info","0.0","0.0","no_lane_info","0.0","38.16"
"id_3","583.69","854.5","0.0","no_type_info","0.0","0.0","no_lane_info","0.0","38.16"
"id_2","1579.38","473.19","0.0","no_type_info","0.0","0.0","no_lane_info","0.0","38.16"
"id_1","1470.88","1073.94","0.0","no_type_info","0.0","0.0","no_lane_info","0.0","38.16"
"id_3","1579.38","473.19","0.0","no_type_info","0.0","0.0","no_lane_info","0.0","38.16"
"id_4","583.69","854.5","0.0","no_type_info","0.0","0.0","no_lane_info","0.0","38.16"
"id_2","1470.88","1073.94","0.0","no_type_info","0.0","0.0","no_lane_info","0.0","38.16"
"id_0","768.63","816.34","0.0","no_type_info","0.0","0.0","no_lane_info","0.0","38.372"
"id_1","323.63","227.57","0.0","no_type_info","0.0","0.0","no_lane_info","0.0","38.372"
"id_5","1579.38","473.19","0.0","no_type_info","0.0","0.0","no_lane_info","0.0","38.372"
"id_1","768.63","816.34","0.0","no_type_info","0.0","0.0","no_lane_info","0.0","38.372"
"id_2","323.63","227.57","0.0","no_type_info","0.0","0.0","no_lane_info","0.0","38.372"
"id_0","1425.56","1082.94","0.0","no_type_info","0.0","0.0","no_lane_info","0.0","38.372"
"id_4","1579.38","473.19","0.0","no_type_info","0.0","0.0","no_lane_info","0.0","38.372"
"id_1","1425.56","1082.94","0.0","no_type_info","0.0","0.0","no_lane_info","0.0","38.372"
"id_0","583.69","854.5","0.0","no_type_info","0.0","0.0","no_lane_info","0.0","38.372"
"id_2","583.69","854.5","0.0","no_type_info","0.0","0.0","no_lane_info","0.0","38.372"
"id_6","1579.38","473.19","0.0","no_type_info","0.0","0.0","no_lane_info","0.0","38.372"
"id_1","583.69","854.5","0.0","no_type_info","0.0","0.0","no_lane_info","0.0","38.372"
"id_0","323.63","227.57","0.0","no_type_info","0.0","0.0","no_lane_info","0.0","38.372"
"id_0","1579.38","473.19","0.0","no_type_info","0.0","0.0","no_lane_info","0.0","38.372"
"id_1","1579.38","473.19","0.0","no_type_info","0.0","0.0","no_lane_info","0.0","38.372"
"id_2","1579.38","473.19","0.0","no_type_info","0.0","0.0","no_lane_info","0.0","38.372"
"id_3","1579.38","473.19","0.0","no_type_info","0.0","0.0","no_lane_info","0.0","38.372"
"id_0","1470.88","1073.94","0.0","no_type_info","0.0","0.0","no_lane_info","0.0","38.372"
"id_5","583.69","854.5","0.0","no_type_info","0.0","0.0","no_lane_info","0.0","38.372"
"id_3","1470.88","1073.94","0.0","no_type_info","0.0","0.0","no_lane_info","0.0","38.372"
"id_6","583.69","854.5","0.0","no_type_info","0.0","0.0","no_lane_info","0.0","38.372"
"id_3","583.69","854.5","0.0","no_type_info","0.0","0.0","no_lane_info","0.0","38.372"
"id_1","1470.88","1073.94","0.0","no_type_info","0.0","0.0","no_lane_info","0.0","38.372"
"id_4","583.69","854.5","0.0","no_type_info","0.0","0.0","no_lane_info","0.0","38.372"
"id_2","1470.88","1073.94","0.0","no_type_info","0.0","0.0","no_lane_info","0.0","38.372"
"id_0","768.63","816.34","0.0","no_type_info","0.0","0.0","no_lane_info","0.0","38.584"
"id_1","323.63","227.57","0.0","no_type_info","0.0","0.0","no_lane_info","0.0","38.584"
"id_5","1579.38","473.19","0.0","no_type_info","0.0","0.0","no_lane_info","0.0","38.584"
"id_1","768.63","816.34","0.0","no_type_info","0.0","0.0","no_lane_info","0.0","38.584"
"id_2","323.63","227.57","0.0","no_type_info","0.0","0.0","no_lane_info","0.0","38.584"
"id_0","1425.56","1082.94","0.0","no_type_info","0.0","0.0","no_lane_info","0.0","38.584"
"id_4","1579.38","473.19","0.0","no_type_info","0.0","0.0","no_lane_info","0.0","38.584"
"id_1","1425.56","1082.94","0.0","no_type_info","0.0","0.0","no_lane_info","0.0","38.584"
"id_0","583.69","854.5","0.0","no_type_info","0.0","0.0","no_lane_info","0.0","38.584"
"id_2","583.69","854.5","0.0","no_type_info","0.0","0.0","no_lane_info","0.0","38.584"
"id_6","1579.38","473.19","0.0","no_type_info","0.0","0.0","no_lane_info","0.0","38.584"
"id_1","583.69","854.5","0.0","no_type_info","0.0","0.0","no_lane_info","0.0","38.584"
"id_0","323.63","227.57","0.0","no_type_info","0.0","0.0","no_lane_info","0.0","38.584"
"id_0","1579.38","473.19","0.0","no_type_info","0.0","0.0","no_lane_info","0.0","38.584"
"id_1","1579.38","473.19","0.0","no_type_info","0.0","0.0","no_lane_info","0.0","38.584"
"id_2","1579.38","473.19","0.0","no_type_info","0.0","0.0","no_lane_info","0.0","38.584"
"id_3","1579.38","473.19","0.0","no_type_info","0.0","0.0","no_lane_info","0.0","38.584"
"id_0","1470.88","1073.94","0.0","no_type_info","0.0","0.0","no_lane_info","0.0","38.584"
"id_5","583.69","854.5","0.0","no_type_info","0.0","0.0","no_lane_info","0.0","38.584"
"id_3","1470.88","1073.94","0.0","no_type_info","0.0","0.0","no_lane_info","0.0","38.584"
"id_6","583.69","854.5","0.0","no_type_info","0.0","0.0","no_lane_info","0.0","38.584"
"id_3","583.69","854.5","0.0","no_type_info","0.0","0.0","no_lane_info","0.0","38.584"
"id_1","1470.88","1073.94","0.0","no_type_info","0.0","0.0","no_lane_info","0.0","38.584"
"id_4","583.69","854.5","0.0","no_type_info","0.0","0.0","no_lane_info","0.0","38.584"
"id_2","1470.88","1073.94","0.0","no_type_info","0.0","0.0","no_lane_info","0.0","38.584"
"id_0","768.63","816.34","0.0","no_type_info","0.0","0.0","no_lane_info","0.0","38.796"
"id_1","323.63","227.57","0.0","no_type_info","0.0","0.0","no_lane_info","0.0","38.796"
"id_5","1579.38","473.19","0.0","no_type_info","0.0","0.0","no_lane_info","0.0","38.796"
"id_1","768.63","816.34","0.0","no_type_info","0.0","0.0","no_lane_info","0.0","38.796"
"id_2","323.63","227.57","0.0","no_type_info","0.0","0.0","no_lane_info","0.0","38.796"
"id_0","1425.56","1082.94","0.0","no_type_info","0.0","0.0","no_lane_info","0.0","38.796"
"id_4","1579.38","473.19","0.0","no_type_info","0.0","0.0","no_lane_info","0.0","38.796"
"id_1","1425.56","1082.94","0.0","no_type_info","0.0","0.0","no_lane_info","0.0","38.796"
"id_0","583.69","854.5","0.0","no_type_info","0.0","0.0","no_lane_info","0.0","38.796"
"id_2","583.69","854.5","0.0","no_type_info","0.0","0.0","no_lane_info","0.0","38.796"
"id_6","1579.38","473.19","0.0","no_type_info","0.0","0.0","no_lane_info","0.0","38.796"
"id_1","583.69","854.5","0.0","no_type_info","0.0","0.0","no_lane_info","0.0","38.796"
"id_0","323.63","227.57","0.0","no_type_info","0.0","0.0","no_lane_info","0.0","38.796"
"id_0","1579.38","473.19","0.0","no_type_info","0.0","0.0","no_lane_info","0.0","38.796"
"id_1","1579.38","473.19","0.0","no_type_info","0.0","0.0","no_lane_info","0.0","38.796"
"id_2","1579.38","473.19","0.0","no_type_info","0.0","0.0","no_lane_info","0.0","38.796"
"id_3","1579.38","473.19","0.0","no_type_info","0.0","0.0","no_lane_info","0.0","38.796"
"id_0","1470.88","1073.94","0.0","no_type_info","0.0","0.0","no_lane_info","0.0","38.796"
"id_7","583.69","854.5","0.0","no_type_info","0.0","0.0","no_lane_info","0.0","38.796"
"id_5","583.69","854.5","0.0","no_type_info","0.0","0.0","no_lane_info","0.0","38.796"
"id_6","583.69","854.5","0.0","no_type_info","0.0","0.0","no_lane_info","0.0","38.796"
"id_3","583.69","854.5","0.0","no_type_info","0.0","0.0","no_lane_info","0.0","38.796"
"id_1","1470.88","1073.94","0.0","no_type_info","0.0","0.0","no_lane_info","0.0","38.796"
"id_4","583.69","854.5","0.0","no_type_info","0.0","0.0","no_lane_info","0.0","38.796"
"id_2","1425.56","1082.94","0.0","no_type_info","0.0","0.0","no_lane_info","0.0","38.796"
"id_2","1470.88","1073.94","0.0","no_type_info","0.0","0.0","no_lane_info","0.0","38.796"
"id_0","768.63","816.34","0.0","no_type_info","0.0","0.0","no_lane_info","0.0","39.008"
"id_1","323.63","227.57","0.0","no_type_info","0.0","0.0","no_lane_info","0.0","39.008"
"id_5","1579.38","473.19","0.0","no_type_info","0.0","0.0","no_lane_info","0.0","39.008"
"id_1","768.63","816.34","0.0","no_type_info","0.0","0.0","no_lane_info","0.0","39.008"
"id_2","323.63","227.57","0.0","no_type_info","0.0","0.0","no_lane_info","0.0","39.008"
"id_0","1425.56","1082.94","0.0","no_type_info","0.0","0.0","no_lane_info","0.0","39.008"
"id_4","1579.38","473.19","0.0","no_type_info","0.0","0.0","no_lane_info","0.0","39.008"
"id_1","1425.56","1082.94","0.0","no_type_info","0.0","0.0","no_lane_info","0.0","39.008"
"id_0","583.69","854.5","0.0","no_type_info","0.0","0.0","no_lane_info","0.0","39.008"
"id_2","583.69","854.5","0.0","no_type_info","0.0","0.0","no_lane_info","0.0","39.008"
"id_6","1579.38","473.19","0.0","no_type_info","0.0","0.0","no_lane_info","0.0","39.008"
"id_1","583.69","854.5","0.0","no_type_info","0.0","0.0","no_lane_info","0.0","39.008"
"id_0","323.63","227.57","0.0","no_type_info","0.0","0.0","no_lane_info","0.0","39.008"
"id_0","1579.38","473.19","0.0","no_type_info","0.0","0.0","no_lane_info","0.0","39.008"
"id_1","1579.38","473.19","0.0","no_type_info","0.0","0.0","no_lane_info","0.0","39.008"
"id_2","1579.38","473.19","0.0","no_type_info","0.0","0.0","no_lane_info","0.0","39.008"
"id_3","1579.38","473.19","0.0","no_type_info","0.0","0.0","no_lane_info","0.0","39.008"
"id_0","1470.88","1073.94","0.0","no_type_info","0.0","0.0","no_lane_info","0.0","39.008"
"id_7","583.69","854.5","0.0","no_type_info","0.0","0.0","no_lane_info","0.0","39.008"
"id_5","583.69","854.5","0.0","no_type_info","0.0","0.0","no_lane_info","0.0","39.008"
"id_6","583.69","854.5","0.0","no_type_info","0.0","0.0","no_lane_info","0.0","39.008"
"id_3","583.69","854.5","0.0","no_type_info","0.0","0.0","no_lane_info","0.0","39.008"
"id_1","1470.88","1073.94","0.0","no_type_info","0.0","0.0","no_lane_info","0.0","39.008"
"id_4","583.69","854.5","0.0","no_type_info","0.0","0.0","no_lane_info","0.0","39.008"
"id_2","1425.56","1082.94","0.0","no_type_info","0.0","0.0","no_lane_info","0.0","39.008"
"id_2","1470.88","1073.94","0.0","no_type_info","0.0","0.0","no_lane_info","0.0","39.008"
"id_3","323.63","227.57","0.0","no_type_info","0.0","0.0","no_lane_info","0.0","39.008"
"id_0","768.63","816.34","0.0","no_type_info","0.0","0.0","no_lane_info","0.0","39.22"
"id_1","323.63","227.57","0.0","no_type_info","0.0","0.0","no_lane_info","0.0","39.22"
"id_5","1579.38","473.19","0.0","no_type_info","0.0","0.0","no_lane_info","0.0","39.22"
"id_1","768.63","816.34","0.0","no_type_info","0.0","0.0","no_lane_info","0.0","39.22"
"id_2","323.63","227.57","0.0","no_type_info","0.0","0.0","no_lane_info","0.0","39.22"
"id_0","1425.56","1082.94","0.0","no_type_info","0.0","0.0","no_lane_info","0.0","39.22"
"id_4","1579.38","473.19","0.0","no_type_info","0.0","0.0","no_lane_info","0.0","39.22"
"id_1","1425.56","1082.94","0.0","no_type_info","0.0","0.0","no_lane_info","0.0","39.22"
"id_0","583.69","854.5","0.0","no_type_info","0.0","0.0","no_lane_info","0.0","39.22"
"id_2","583.69","854.5","0.0","no_type_info","0.0","0.0","no_lane_info","0.0","39.22"
"id_6","1579.38","473.19","0.0","no_type_info","0.0","0.0","no_lane_info","0.0","39.22"
"id_1","583.69","854.5","0.0","no_type_info","0.0","0.0","no_lane_info","0.0","39.22"
"id_0","323.63","227.57","0.0","no_type_info","0.0","0.0","no_lane_info","0.0","39.22"
"id_0","1579.38","473.19","0.0","no_type_info","0.0","0.0","no_lane_info","0.0","39.22"
"id_1","1579.38","473.19","0.0","no_type_info","0.0","0.0","no_lane_info","0.0","39.22"
"id_2","1579.38","473.19","0.0","no_type_info","0.0","0.0","no_lane_info","0.0","39.22"
"id_3","1579.38","473.19","0.0","no_type_info","0.0","0.0","no_lane_info","0.0","39.22"
"id_0","1470.88","1073.94","0.0","no_type_info","0.0","0.0","no_lane_info","0.0","39.22"
"id_7","583.69","854.5","0.0","no_type_info","0.0","0.0","no_lane_info","0.0","39.22"
"id_5","583.69","854.5","0.0","no_type_info","0.0","0.0","no_lane_info","0.0","39.22"
"id_6","583.69","854.5","0.0","no_type_info","0.0","0.0","no_lane_info","0.0","39.22"
"id_3","583.69","854.5","0.0","no_type_info","0.0","0.0","no_lane_info","0.0","39.22"
"id_1","1470.88","1073.94","0.0","no_type_info","0.0","0.0","no_lane_info","0.0","39.22"
"id_4","583.69","854.5","0.0","no_type_info","0.0","0.0","no_lane_info","0.0","39.22"
"id_2","1425.56","1082.94","0.0","no_type_info","0.0","0.0","no_lane_info","0.0","39.22"
"id_2","1470.88","1073.94","0.0","no_type_info","0.0","0.0","no_lane_info","0.0","39.22"
"id_3","323.63","227.57","0.0","no_type_info","0.0","0.0","no_lane_info","0.0","39.22"
"id_0","768.63","816.34","0.0","no_type_info","0.0","0.0","no_lane_info","0.0","39.432"
"id_1","323.63","227.57","0.0","no_type_info","0.0","0.0","no_lane_info","0.0","39.432"
"id_5","1579.38","473.19","0.0","no_type_info","0.0","0.0","no_lane_info","0.0","39.432"
"id_1","768.63","816.34","0.0","no_type_info","0.0","0.0","no_lane_info","0.0","39.432"
"id_2","323.63","227.57","0.0","no_type_info","0.0","0.0","no_lane_info","0.0","39.432"
"id_0","1425.56","1082.94","0.0","no_type_info","0.0","0.0","no_lane_info","0.0","39.432"
"id_4","1579.38","473.19","0.0","no_type_info","0.0","0.0","no_lane_info","0.0","39.432"
"id_1","1425.56","1082.94","0.0","no_type_info","0.0","0.0","no_lane_info","0.0","39.432"
"id_0","583.69","854.5","0.0","no_type_info","0.0","0.0","no_lane_info","0.0","39.432"
"id_2","583.69","854.5","0.0","no_type_info","0.0","0.0","no_lane_info","0.0","39.432"
"id_6","1579.38","473.19","0.0","no_type_info","0.0","0.0","no_lane_info","0.0","39.432"
"id_1","583.69","854.5","0.0","no_type_info","0.0","0.0","no_lane_info","0.0","39.432"
"id_0","323.63","227.57","0.0","no_type_info","0.0","0.0","no_lane_info","0.0","39.432"
"id_0","1579.38","473.19","0.0","no_type_info","0.0","0.0","no_lane_info","0.0","39.432"
"id_1","1579.38","473.19","0.0","no_type_info","0.0","0.0","no_lane_info","0.0","39.432"
"id_2","1579.38","473.19","0.0","no_type_info","0.0","0.0","no_lane_info","0.0","39.432"
"id_3","1579.38","473.19","0.0","no_type_info","0.0","0.0","no_lane_info","0.0","39.432"
"id_0","1470.88","1073.94","0.0","no_type_info","0.0","0.0","no_lane_info","0.0","39.432"
"id_7","583.69","854.5","0.0","no_type_info","0.0","0.0","no_lane_info","0.0","39.432"
"id_5","583.69","854.5","0.0","no_type_info","0.0","0.0","no_lane_info","0.0","39.432"
"id_3","1470.88","1073.94","0.0","no_type_info","0.0","0.0","no_lane_info","0.0","39.432"
"id_6","583.69","854.5","0.0","no_type_info","0.0","0.0","no_lane_info","0.0","39.432"
"id_3","583.69","854.5","0.0","no_type_info","0.0","0.0","no_lane_info","0.0","39.432"
"id_1","1470.88","1073.94","0.0","no_type_info","0.0","0.0","no_lane_info","0.0","39.432"
"id_4","583.69","854.5","0.0","no_type_info","0.0","0.0","no_lane_info","0.0","39.432"
"id_2","1425.56","1082.94","0.0","no_type_info","0.0","0.0","no_lane_info","0.0","39.432"
"id_2","1470.88","1073.94","0.0","no_type_info","0.0","0.0","no_lane_info","0.0","39.432"
"id_3","323.63","227.57","0.0","no_type_info","0.0","0.0","no_lane_info","0.0","39.432"
"id_0","768.63","816.34","0.0","no_type_info","0.0","0.0","no_lane_info","0.0","39.644"
"id_1","323.63","227.57","0.0","no_type_info","0.0","0.0","no_lane_info","0.0","39.644"
"id_5","1579.38","473.19","0.0","no_type_info","0.0","0.0","no_lane_info","0.0","39.644"
"id_1","768.63","816.34","0.0","no_type_info","0.0","0.0","no_lane_info","0.0","39.644"
"id_2","323.63","227.57","0.0","no_type_info","0.0","0.0","no_lane_info","0.0","39.644"
"id_0","1425.56","1082.94","0.0","no_type_info","0.0","0.0","no_lane_info","0.0","39.644"
"id_4","1579.38","473.19","0.0","no_type_info","0.0","0.0","no_lane_info","0.0","39.644"
"id_1","1425.56","1082.94","0.0","no_type_info","0.0","0.0","no_lane_info","0.0","39.644"
"id_0","583.69","854.5","0.0","no_type_info","0.0","0.0","no_lane_info","0.0","39.644"
"id_2","583.69","854.5","0.0","no_type_info","0.0","0.0","no_lane_info","0.0","39.644"
"id_6","1579.38","473.19","0.0","no_type_info","0.0","0.0","no_lane_info","0.0","39.644"
"id_1","583.69","854.5","0.0","no_type_info","0.0","0.0","no_lane_info","0.0","39.644"
"id_0","323.63","227.57","0.0","no_type_info","0.0","0.0","no_lane_info","0.0","39.644"
"id_0","1579.38","473.19","0.0","no_type_info","0.0","0.0","no_lane_info","0.0","39.644"
"id_1","1579.38","473.19","0.0","no_type_info","0.0","0.0","no_lane_info","0.0","39.644"
"id_2","1579.38","473.19","0.0","no_type_info","0.0","0.0","no_lane_info","0.0","39.644"
"id_3","1579.38","473.19","0.0","no_type_info","0.0","0.0","no_lane_info","0.0","39.644"
"id_0","1470.88","1073.94","0.0","no_type_info","0.0","0.0","no_lane_info","0.0","39.644"
"id_7","583.69","854.5","0.0","no_type_info","0.0","0.0","no_lane_info","0.0","39.644"
"id_5","583.69","854.5","0.0","no_type_info","0.0","0.0","no_lane_info","0.0","39.644"
"id_3","1470.88","1073.94","0.0","no_type_info","0.0","0.0","no_lane_info","0.0","39.644"
"id_6","583.69","854.5","0.0","no_type_info","0.0","0.0","no_lane_info","0.0","39.644"
"id_3","583.69","854.5","0.0","no_type_info","0.0","0.0","no_lane_info","0.0","39.644"
"id_1","1470.88","1073.94","0.0","no_type_info","0.0","0.0","no_lane_info","0.0","39.644"
"id_4","583.69","854.5","0.0","no_type_info","0.0","0.0","no_lane_info","0.0","39.644"
"id_2","1425.56","1082.94","0.0","no_type_info","0.0","0.0","no_lane_info","0.0","39.644"
"id_2","1470.88","1073.94","0.0","no_type_info","0.0","0.0","no_lane_info","0.0","39.644"
"id_3","323.63","227.57","0.0","no_type_info","0.0","0.0","no_lane_info","0.0","39.644"
"id_0","768.63","816.34","0.0","no_type_info","0.0","0.0","no_lane_info","0.0","39.856"
"id_1","323.63","227.57","0.0","no_type_info","0.0","0.0","no_lane_info","0.0","39.856"
"id_5","1579.38","473.19","0.0","no_type_info","0.0","0.0","no_lane_info","0.0","39.856"
"id_1","768.63","816.34","0.0","no_type_info","0.0","0.0","no_lane_info","0.0","39.856"
"id_2","323.63","227.57","0.0","no_type_info","0.0","0.0","no_lane_info","0.0","39.856"
"id_0","1425.56","1082.94","0.0","no_type_info","0.0","0.0","no_lane_info","0.0","39.856"
"id_4","1579.38","473.19","0.0","no_type_info","0.0","0.0","no_lane_info","0.0","39.856"
"id_1","1425.56","1082.94","0.0","no_type_info","0.0","0.0","no_lane_info","0.0","39.856"
"id_0","583.69","854.5","0.0","no_type_info","0.0","0.0","no_lane_info","0.0","39.856"
"id_2","583.69","854.5","0.0","no_type_info","0.0","0.0","no_lane_info","0.0","39.856"
"id_6","1579.38","473.19","0.0","no_type_info","0.0","0.0","no_lane_info","0.0","39.856"
"id_1","583.69","854.5","0.0","no_type_info","0.0","0.0","no_lane_info","0.0","39.856"
"id_0","323.63","227.57","0.0","no_type_info","0.0","0.0","no_lane_info","0.0","39.856"
"id_0","1579.38","473.19","0.0","no_type_info","0.0","0.0","no_lane_info","0.0","39.856"
"id_1","1579.38","473.19","0.0","no_type_info","0.0","0.0","no_lane_info","0.0","39.856"
"id_2","1579.38","473.19","0.0","no_type_info","0.0","0.0","no_lane_info","0.0","39.856"
"id_3","1579.38","473.19","0.0","no_type_info","0.0","0.0","no_lane_info","0.0","39.856"
"id_0","1470.88","1073.94","0.0","no_type_info","0.0","0.0","no_lane_info","0.0","39.856"
"id_7","583.69","854.5","0.0","no_type_info","0.0","0.0","no_lane_info","0.0","39.856"
"id_5","583.69","854.5","0.0","no_type_info","0.0","0.0","no_lane_info","0.0","39.856"
"id_4","1470.88","1073.94","0.0","no_type_info","0.0","0.0","no_lane_info","0.0","39.856"
"id_3","1470.88","1073.94","0.0","no_type_info","0.0","0.0","no_lane_info","0.0","39.856"
"id_6","583.69","854.5","0.0","no_type_info","0.0","0.0","no_lane_info","0.0","39.856"
"id_3","583.69","854.5","0.0","no_type_info","0.0","0.0","no_lane_info","0.0","39.856"
"id_7","1579.38","473.19","0.0","no_type_info","0.0","0.0","no_lane_info","0.0","39.856"
"id_1","1470.88","1073.94","0.0","no_type_info","0.0","0.0","no_lane_info","0.0","39.856"
"id_4","583.69","854.5","0.0","no_type_info","0.0","0.0","no_lane_info","0.0","39.856"
"id_2","1425.56","1082.94","0.0","no_type_info","0.0","0.0","no_lane_info","0.0","39.856"
"id_2","1470.88","1073.94","0.0","no_type_info","0.0","0.0","no_lane_info","0.0","39.856"
"id_3","323.63","227.57","0.0","no_type_info","0.0","0.0","no_lane_info","0.0","39.856"
